model,text_mode,seed_weight,scenario,micro_cohesion,macro_cohesion,micro_margin,macro_margin,negative_margin_fraction,loo_micro_cohesion,loo_micro_margin,loo_negative_margin_fraction,min_family_size
bge-m3,bilingual,1.0,original_released,0.8047025712645222,0.848951424514239,0.05018215386061274,0.10376263850583352,0.11538461538461539,0.7560564020900479,0.0015359846861384386,0.47802197802197804,1
bge-m3,bilingual,1.0,revised_released,0.800220746786827,0.8439205115610967,0.049195647367467885,0.0997860733152834,0.11538461538461539,0.7497630726957835,-0.0012620267235754813,0.4835164835164835,1
bge-m3,bilingual,1.0,revised_proposed,0.8008132152955234,0.8453604333130583,0.050996003562855115,0.10263771284638369,0.08791208791208792,0.750766928461011,0.0009497167283425868,0.45054945054945056,1
bge-m3,bilingual,1.0,revised_em,0.8009139209865223,0.8443502844063726,0.050928352425867,0.10043837538710565,0.09340659340659341,0.7505992278014806,0.0006136592408251567,0.45054945054945056,1
bge-m3,bilingual,3.0,original_released,0.7899967501159716,0.7995945376657311,0.038492045797852974,0.05809771776831357,0.12087912087912088,0.752759523109986,0.0012548187918674568,0.489010989010989,1
bge-m3,bilingual,3.0,revised_released,0.7849339498266958,0.7931216758989516,0.03650907704795532,0.05292096737757429,0.12087912087912088,0.7462964695879607,-0.002128403190779752,0.4835164835164835,1
bge-m3,bilingual,3.0,revised_proposed,0.7855211437469838,0.7932908670266029,0.038366811751636795,0.054072450379836955,0.09340659340659341,0.7473315813521889,0.00017724935684185601,0.46703296703296704,1
bge-m3,bilingual,3.0,revised_em,0.785819455487853,0.7936555228186174,0.03855452520127513,0.05379620167255089,0.0989010989010989,0.7473916616149902,0.0001267313284119413,0.46703296703296704,1
bge-m3,bilingual,5.0,original_released,0.7778353890917897,0.7732700581732436,0.030630071868954195,0.03686515046682543,0.19230769230769232,0.7465537613086554,-0.0006515559141801055,0.489010989010989,1
bge-m3,bilingual,5.0,revised_released,0.7723922587370485,0.765812492249465,0.027717040989281017,0.029630952677529663,0.1978021978021978,0.7399866856017228,-0.004688532146044711,0.5054945054945055,1
bge-m3,bilingual,5.0,revised_proposed,0.7731214541903936,0.7656255465242628,0.02966888816772817,0.030176741424295512,0.18681318681318682,0.7411291803704757,-0.0023233856521897144,0.4835164835164835,1
bge-m3,bilingual,5.0,revised_em,0.7732973277837912,0.7662716942876321,0.029786965112444108,0.030578136446741098,0.18681318681318682,0.7410923166328083,-0.002418046038539066,0.4945054945054945,1
bge-m3,bilingual,10.0,original_released,0.7546581221044745,0.7388484652053243,0.01798972607415663,0.012346796532799936,0.32967032967032966,0.7313071284178948,-0.005361267612423057,0.5164835164835165,1
bge-m3,bilingual,10.0,revised_released,0.748876497052776,0.7302081253425904,0.013625866475409913,0.002145872003889309,0.3516483516483517,0.7248068204200606,-0.010443810157305432,0.5384615384615384,1
bge-m3,bilingual,10.0,revised_proposed,0.7499208374938545,0.7299202193188511,0.015667496856198084,0.002242486497060386,0.31868131868131866,0.7261626681294437,-0.008090672508212916,0.5164835164835165,1
bge-m3,bilingual,10.0,revised_em,0.7499094522637364,0.7305963640171124,0.015603063939196062,0.0030703403909162924,0.32967032967032966,0.7260125873605632,-0.008293800963977315,0.521978021978022,1
bge-m3,english,1.0,original_released,0.8108460927427003,0.8463692902244112,0.04745335582231044,0.09165590431674804,0.10989010989010989,0.7611118919999051,-0.002280844920484642,0.510989010989011,1
bge-m3,english,1.0,revised_released,0.8081615995207719,0.8434715206634881,0.04726907866498379,0.08805143233020352,0.11538461538461539,0.757318712388483,-0.0035738084673049898,0.521978021978022,1
bge-m3,english,1.0,revised_proposed,0.808795641433331,0.8455508849449928,0.04928842954042559,0.09122115755416982,0.0989010989010989,0.7585572204728253,-0.0009499914200801597,0.4945054945054945,1
bge-m3,english,1.0,revised_em,0.8088557680455909,0.8438677805081443,0.04903371420691924,0.08888906480274161,0.1043956043956044,0.7581428291932109,-0.0016792246454606866,0.521978021978022,1
bge-m3,english,3.0,original_released,0.7935895179534762,0.7891148852344633,0.034861148637968256,0.04034742586254799,0.12087912087912088,0.7553809359148158,-0.0033474334006919847,0.47802197802197804,1
bge-m3,english,3.0,revised_released,0.7902290727488865,0.78413470311615,0.03353281586117069,0.03446357538628555,0.14285714285714285,0.7510441024832263,-0.005652154404489244,0.5,1
bge-m3,english,3.0,revised_proposed,0.7908481099643482,0.7849865591078098,0.03531268054718,0.03621555262772418,0.14835164835164835,0.7521459022483308,-0.003389527168837269,0.47802197802197804,1
bge-m3,english,3.0,revised_em,0.7908986767417857,0.7844642729202832,0.03515821389837856,0.035278454059822495,0.14835164835164835,0.7518438335926302,-0.003896629250776914,0.4945054945054945,1
bge-m3,english,5.0,original_released,0.7793145690111906,0.7583718949806667,0.025319394367758735,0.01524594314136656,0.24725274725274726,0.7470985421405902,-0.0068966325028414245,0.46703296703296704,1
bge-m3,english,5.0,revised_released,0.7754877601137468,0.7521580922587859,0.023475425703927213,0.006941490760815676,0.23076923076923078,0.7424693222846089,-0.009543012125210373,0.5384615384615384,1
bge-m3,english,5.0,revised_proposed,0.7762474432862103,0.7525999840862916,0.025297037016012484,0.008401052065433698,0.23076923076923078,0.7436498430393206,-0.007300563230877409,0.510989010989011,1
bge-m3,english,5.0,revised_em,0.7761549381399298,0.7524247875739195,0.025058612779197416,0.007851852245481137,0.21978021978021978,0.743261206555893,-0.007835118804839109,0.5164835164835165,1
bge-m3,english,10.0,original_released,0.7523993393622093,0.718053830257143,0.00886774000332118,-0.014033034244591255,0.35714285714285715,0.7282474524207413,-0.01528414693814667,0.5604395604395604,1
bge-m3,english,10.0,revised_released,0.7479557710863274,0.7103995964624996,0.006116498562178347,-0.02562928162658687,0.38461538461538464,0.7232685290528846,-0.018570743471264646,0.5824175824175825,1
bge-m3,english,10.0,revised_proposed,0.7490599742561918,0.7106712251707007,0.007989062618746092,-0.024834215033665688,0.36813186813186816,0.7246837514986056,-0.01638716013884004,0.5714285714285714,1
bge-m3,english,10.0,revised_em,0.7488005084372432,0.7105068585295088,0.007688669819777495,-0.0250981141024627,0.36813186813186816,0.7242559375909852,-0.016855901026480456,0.5714285714285714,1
mxbai-embed-large,bilingual,1.0,original_released,0.8589592711689515,0.8900351440951887,0.03441735661656613,0.0691036765228694,0.16483516483516483,0.8241108910258955,-0.0004310235264899254,0.46153846153846156,1
mxbai-embed-large,bilingual,1.0,revised_released,0.8579302347362355,0.8882231684660461,0.03443248903813596,0.06776160492384907,0.16483516483516483,0.822492533507228,-0.0010052121908717508,0.46703296703296704,1
mxbai-embed-large,bilingual,1.0,revised_proposed,0.8584556052414226,0.888817193717081,0.03502582782097246,0.07028522147499507,0.14835164835164835,0.8231105681025306,-0.00031920931791947806,0.46153846153846156,1
mxbai-embed-large,bilingual,1.0,revised_em,0.858397442709338,0.8884330130708721,0.03496950553589073,0.068011807478166,0.15934065934065933,0.8230230200715474,-0.00040491710189985826,0.46703296703296704,1
mxbai-embed-large,bilingual,3.0,original_released,0.8472630740526633,0.8516099757894345,0.025957820180896648,0.034907287003098746,0.1978021978021978,0.8201575263954904,-0.0011477274762761351,0.47802197802197804,1
mxbai-embed-large,bilingual,3.0,revised_released,0.8461157959580276,0.850237334459004,0.025890133722792207,0.03395630652672792,0.2087912087912088,0.8185731912739663,-0.00165247096126901,0.489010989010989,1
mxbai-embed-large,bilingual,3.0,revised_proposed,0.8464482246513264,0.8486940143001872,0.026297077741717377,0.03413737198565797,0.19230769230769232,0.8190840198507572,-0.0010671270588516713,0.47802197802197804,1
mxbai-embed-large,bilingual,3.0,revised_em,0.8465658532203968,0.8503897388552725,0.02643821120458737,0.034115082902471526,0.2032967032967033,0.81909031461161,-0.0010373274041994547,0.4835164835164835,1
mxbai-embed-large,bilingual,5.0,original_released,0.83741961954405,0.8303472385972593,0.01994795026797128,0.01820590652539407,0.24725274725274726,0.8143823138827493,-0.003089355393329541,0.510989010989011,1
mxbai-embed-large,bilingual,5.0,revised_released,0.8361431956431421,0.8289492507057945,0.019803356436843063,0.016801200514824442,0.2857142857142857,0.8127654051251179,-0.0035744340811811703,0.5054945054945055,1
mxbai-embed-large,bilingual,5.0,revised_proposed,0.8364989417216221,0.8266537872112917,0.020218737518914162,0.016303799539031397,0.26373626373626374,0.8133221915761555,-0.0029580126265524994,0.4945054945054945,1
mxbai-embed-large,bilingual,5.0,revised_em,0.8366353831198357,0.8291118564494724,0.02043347547267654,0.017009725952442073,0.26373626373626374,0.8133636743668278,-0.002838233280331331,0.4945054945054945,1
mxbai-embed-large,bilingual,10.0,original_released,0.8184900615561835,0.8018183457969014,0.008879883534427016,-0.0023511248522030325,0.4175824175824176,0.8009888483013121,-0.008621329720444541,0.5604395604395604,1
mxbai-embed-large,bilingual,10.0,revised_released,0.8170306149765675,0.8002481577353238,0.00864533969605991,-0.004353917136962566,0.4010989010989011,0.7993130001045733,-0.009072275175934235,0.5384615384615384,1
mxbai-embed-large,bilingual,10.0,revised_proposed,0.8175342782595714,0.797426244161943,0.00926216221910279,-0.0054517957654184835,0.38461538461538464,0.7999993675372175,-0.008272748503251156,0.554945054945055,1
mxbai-embed-large,bilingual,10.0,revised_em,0.8175661865472347,0.8003320804604138,0.009426609239182605,-0.0042803024385530625,0.38461538461538464,0.7999486883017689,-0.008190889006283019,0.5494505494505495,1
mxbai-embed-large,english,1.0,original_released,0.8306656477120012,0.8646217451683701,0.044551018788793445,0.08548207491519083,0.14835164835164835,0.78719349049551,0.0010788615723021434,0.4835164835164835,1
mxbai-embed-large,english,1.0,revised_released,0.824968073583258,0.8592138225599051,0.04634421533177948,0.08588560480892699,0.14285714285714285,0.7796943633955986,0.0010705051441202036,0.45054945054945056,1
mxbai-embed-large,english,1.0,revised_proposed,0.825540084975844,0.8605547268386574,0.04737636558753465,0.08872662685955264,0.12087912087912088,0.7806258600968903,0.002462140708581036,0.43956043956043955,1
mxbai-embed-large,english,1.0,revised_em,0.8252187094910655,0.8593300402742209,0.0467700051419295,0.08610893965631379,0.13736263736263737,0.779986547153899,0.0015378428047630613,0.45054945054945056,1
mxbai-embed-large,english,3.0,original_released,0.8152771384043528,0.8121161804120965,0.0342590262604856,0.039340510907336396,0.17582417582417584,0.7817213335193598,0.0007032213754927199,0.46153846153846156,1
mxbai-embed-large,english,3.0,revised_released,0.8092895353591788,0.8069445071632259,0.034966639970452074,0.03995837018123624,0.2032967032967033,0.7743799504034887,5.705501476199565e-05,0.46703296703296704,1
mxbai-embed-large,english,3.0,revised_proposed,0.8097620620835472,0.8064052258179606,0.03574799330937753,0.04031742173762307,0.19230769230769232,0.7752231484471633,0.0012090796729937066,0.46153846153846156,1
mxbai-embed-large,english,3.0,revised_em,0.8099026648772146,0.8074420508525256,0.035654791269211485,0.03987783641999961,0.1978021978021978,0.7751748028986816,0.0009269292906784856,0.45604395604395603,1
mxbai-embed-large,english,5.0,original_released,0.8026306394935533,0.784044898933062,0.026506202776749425,0.01704857156418176,0.24725274725274726,0.77423620544029,-0.0018882312765140922,0.46703296703296704,1
mxbai-embed-large,english,5.0,revised_released,0.7963521814959597,0.7786836482177554,0.026884679670320568,0.01759768595122863,0.29120879120879123,0.7668641646305157,-0.0026033371951234793,0.4945054945054945,1
mxbai-embed-large,english,5.0,revised_proposed,0.7969316154610236,0.7775537740164431,0.028091522761255136,0.01757009629578862,0.2692307692307692,0.7678035772868648,-0.0010365154129039112,0.4725274725274725,1
mxbai-embed-large,english,5.0,revised_em,0.7969703963449285,0.779126715537183,0.027872599122976252,0.0176899886690909,0.2692307692307692,0.7676547072595786,-0.0014430899623736058,0.4725274725274725,1
mxbai-embed-large,english,10.0,original_released,0.7787600713115342,0.7473153438429176,0.012428333040068374,-0.008857284253038689,0.36813186813186816,0.7573409516111441,-0.008990786660322018,0.5384615384615384,1
mxbai-embed-large,english,10.0,revised_released,0.7720127826818212,0.7415466870887873,0.012485223909510526,-0.00839590706774186,0.38461538461538464,0.7498511632897985,-0.009676395482512349,0.5164835164835165,1
mxbai-embed-large,english,10.0,revised_proposed,0.7728151046482244,0.7401308356543813,0.014011947703091488,-0.009417357382758484,0.37362637362637363,0.7509330811929341,-0.007870075752198773,0.5054945054945055,1
mxbai-embed-large,english,10.0,revised_em,0.7721291249990325,0.7415741797543244,0.01318303114850761,-0.008065568064726962,0.3791208791208791,0.7500240387136402,-0.008922055136884823,0.510989010989011,1
nomic-embed-text,bilingual,1.0,original_released,0.8807114558592387,0.9048084554400245,0.027260045844181645,0.05631619132304635,0.17582417582417584,0.8507258570806387,-0.0027255529344183274,0.5054945054945055,1
nomic-embed-text,bilingual,1.0,revised_released,0.8795431958366339,0.9036234460752981,0.02784599774358877,0.056062953671041416,0.15384615384615385,0.8491532829833525,-0.002543915109692908,0.5,1
nomic-embed-text,bilingual,1.0,revised_proposed,0.8799630331151423,0.9046533467015182,0.028933887934374583,0.057761096162656046,0.13736263736263737,0.8498296727695847,-0.001199472411183026,0.4725274725274725,1
nomic-embed-text,bilingual,1.0,revised_em,0.8798645866892648,0.9038061356041518,0.028382966315486632,0.05636467217208364,0.14285714285714285,0.8495302454359458,-0.0019513749378324632,0.5054945054945055,1
nomic-embed-text,bilingual,3.0,original_released,0.8712051675999575,0.871850123480861,0.020662275440412065,0.02736441737856263,0.2087912087912088,0.8481532341131094,-0.0023896580464359616,0.4945054945054945,1
nomic-embed-text,bilingual,3.0,revised_released,0.8698160412970551,0.8704754798873099,0.02023896287046696,0.02642079323214541,0.22527472527472528,0.8463785606904817,-0.003198517736106648,0.5164835164835165,1
nomic-embed-text,bilingual,3.0,revised_proposed,0.8701523702315874,0.8705320281214064,0.021187345124145242,0.026613498619458397,0.19230769230769232,0.8469395169485124,-0.0020255081589297553,0.489010989010989,1
nomic-embed-text,bilingual,3.0,revised_em,0.8701794829793502,0.8706669468580698,0.02094350853787484,0.026627488091551636,0.2032967032967033,0.8468113838070714,-0.0024245906344042287,0.5054945054945055,1
nomic-embed-text,bilingual,5.0,original_released,0.8634065922235856,0.8539540550934976,0.015721416022117924,0.013193259835237897,0.27472527472527475,0.8439392372338262,-0.003745938967641273,0.5164835164835165,1
nomic-embed-text,bilingual,5.0,revised_released,0.8618240542576254,0.8522764479999413,0.01512491811149627,0.011596812168809409,0.2967032967032967,0.8420216201332311,-0.004677516012898029,0.5439560439560439,1
nomic-embed-text,bilingual,5.0,revised_proposed,0.8621881805096583,0.8519539778257333,0.016029910079987813,0.011369235224148332,0.2857142857142857,0.8425939421124965,-0.003564328317173895,0.5054945054945055,1
nomic-embed-text,bilingual,5.0,revised_em,0.862174688556103,0.8524250701974015,0.015833146682901447,0.01185109974969921,0.2967032967032967,0.842438733927275,-0.0039028079459264594,0.5164835164835165,1
nomic-embed-text,bilingual,10.0,original_released,0.8486517902652752,0.8302990219511198,0.006821990081720043,-0.004203959670117058,0.3956043956043956,0.8339695140865462,-0.007860286097009105,0.5659340659340659,1
nomic-embed-text,bilingual,10.0,revised_released,0.8467674283770922,0.8281405840230608,0.005834001333411851,-0.0069134515626313705,0.45604395604395603,0.8318404232909538,-0.009093003752726527,0.554945054945055,1
nomic-embed-text,bilingual,10.0,revised_proposed,0.847249737618969,0.8275511246297721,0.006804445076565512,-0.0070944036203263285,0.4340659340659341,0.8324875150006062,-0.00795777754179753,0.5494505494505495,1
nomic-embed-text,bilingual,10.0,revised_em,0.8471303909526625,0.8282222449539809,0.006624870535384771,-0.006577417073610224,0.44505494505494503,0.832262814864013,-0.00824270555326482,0.5494505494505495,1
nomic-embed-text,english,1.0,original_released,0.8319797903906373,0.8654646615601584,0.039523391171335485,0.08147530341698501,0.1813186813186813,0.7888531978882447,-0.0036032013310571464,0.4945054945054945,1
nomic-embed-text,english,1.0,revised_released,0.8303968956961836,0.8647408497057752,0.040362401103325174,0.07977612210107905,0.14835164835164835,0.78698276866,-0.0030517259328580616,0.5164835164835165,1
nomic-embed-text,english,1.0,revised_proposed,0.8310877550478432,0.8656354767493689,0.04197264417354816,0.08288920881306623,0.12087912087912088,0.7878700573044202,-0.0012450535698745708,0.5054945054945055,1
nomic-embed-text,english,1.0,revised_em,0.830941490590211,0.8650740403804109,0.04149359804411643,0.08037490032558926,0.13736263736263737,0.7876332867732971,-0.0018146057727974117,0.510989010989011,1
nomic-embed-text,english,3.0,original_released,0.8176037788894925,0.8161077805901115,0.02965669158927932,0.0384466899047272,0.21978021978021978,0.784518729101666,-0.0034283581985473247,0.489010989010989,1
nomic-embed-text,english,3.0,revised_released,0.8159299751359642,0.8165827326137602,0.029711254180096375,0.03755291524349649,0.18681318681318682,0.7824659276980888,-0.0037527932577792688,0.5164835164835165,1
nomic-embed-text,english,3.0,revised_proposed,0.8164033084519274,0.8151393123892001,0.030973398571734763,0.03785893151675886,0.16483516483516483,0.7831982994364645,-0.002231610443728345,0.5,1
nomic-embed-text,english,3.0,revised_em,0.816457246289028,0.8168635591582768,0.03078015825506837,0.0379236660029331,0.17582417582417584,0.7831027585579998,-0.0025743294759597852,0.5,1
nomic-embed-text,english,5.0,original_released,0.805867912646221,0.789768482762199,0.02242616856431549,0.017876369739706424,0.2857142857142857,0.7779882334315217,-0.005453510650383858,0.5054945054945055,1
nomic-embed-text,english,5.0,revised_released,0.8040047186425419,0.7903814823896113,0.021729004716964637,0.016514528200192155,0.25824175824175827,0.7757652575339631,-0.0065104563916140844,0.5384615384615384,1
nomic-embed-text,english,5.0,revised_proposed,0.8045092211780729,0.7881034570780079,0.02292425797957089,0.01578981591851733,0.25274725274725274,0.776540606636686,-0.005044356561815894,0.5054945054945055,1
nomic-embed-text,english,5.0,revised_em,0.8045334075141387,0.7906142960704635,0.022885124111008542,0.016862704255574002,0.25274725274725274,0.7764009246197473,-0.005247358783382842,0.521978021978022,1
nomic-embed-text,english,10.0,original_released,0.7838485921403865,0.755407739103288,0.0084746060887159,-0.007418162193840669,0.41208791208791207,0.7629368893235678,-0.012437096728102653,0.5494505494505495,1
nomic-embed-text,english,10.0,revised_released,0.7816389660164405,0.755874129268539,0.006681305226761756,-0.010718369262267607,0.45054945054945056,0.7604478388248092,-0.014509821964869465,0.554945054945055,1
nomic-embed-text,english,10.0,revised_proposed,0.7823285628107571,0.7530120419162598,0.008227707447583065,-0.011615448269107603,0.4010989010989011,0.7613659298456107,-0.012734925517563183,0.5494505494505495,1
nomic-embed-text,english,10.0,revised_em,0.7822297961104963,0.7560460496882042,0.008037808317488284,-0.010053833342236767,0.4230769230769231,0.7611356593513408,-0.013056328441667358,0.5494505494505495,1
