doc_type,category,x,y
papers,ai,8.909237,14.688136
papers,ai,9.0161495,13.6876745
papers,ai,9.228073,13.566862
papers,ai,7.987758,12.565183
papers,ai,11.544732,12.746667
papers,ai,8.099758,12.359512
papers,ai,6.5117507,15.573889
papers,ai,8.351611,13.665292
papers,ai,8.604103,12.994298
papers,ai,7.4930453,15.556193
papers,ai,7.8530803,12.350611
papers,ai,6.303217,16.185139
papers,ai,8.543237,13.582698
papers,ai,6.816006,13.919597
papers,ai,8.139453,13.422425
papers,ai,8.21252,12.266292
papers,ai,8.711495,13.795321
papers,ai,8.717664,13.369928
papers,ai,6.9542103,13.744323
papers,ai,7.31932,13.126078
papers,ai,7.160893,13.420886
papers,ai,7.1985574,13.302883
papers,ai,6.8401623,13.698992
papers,ai,8.245081,14.400291
papers,ai,7.7962413,13.406755
papers,ai,7.2504644,13.207202
papers,ai,7.0592847,13.338375
papers,ai,7.339381,13.884379
papers,ai,9.091801,13.540969
papers,ai,9.022028,13.084007
papers,ai,6.6596017,14.382742
papers,ai,7.6653695,12.786769
papers,ai,8.926557,13.774535
papers,ai,6.0963445,13.530202
papers,ai,7.292631,13.235885
papers,ai,9.148814,14.118332
papers,ai,10.310838,10.247294
papers,ai,9.249584,13.39943
papers,ai,8.26896,13.309028
papers,ai,8.5903425,13.4889555
papers,ai,8.915565,13.248654
papers,ai,10.291199,14.876866
papers,ai,8.018006,13.245288
papers,ai,8.36859,13.416363
papers,ai,7.805308,15.46455
papers,ai,8.023227,14.847212
papers,ai,10.862724,13.962333
papers,ai,8.934128,13.628206
papers,ai,8.174711,13.07747
papers,ai,8.180731,13.117326
papers,ai,8.898365,13.583797
papers,ai,8.963151,13.172032
papers,ai,6.605341,14.12586
papers,ai,8.848689,12.490279
papers,ai,7.7699194,12.944839
papers,ai,10.173974,14.034928
papers,ai,8.2432995,13.724275
papers,ai,7.137468,13.144177
papers,ai,8.63072,13.429181
papers,ai,7.5138755,12.953389
papers,ai,9.927565,12.221697
papers,ai,7.707079,13.341528
papers,ai,5.290053,14.910287
papers,ai,8.422596,13.421479
papers,ai,7.5853763,14.9497175
papers,ai,8.573092,12.769261
papers,ai,8.6602,12.9637
papers,ai,6.136715,16.02243
papers,ai,8.641042,13.351351
papers,ai,7.3249044,13.719336
papers,ai,8.31373,12.956001
papers,ai,8.0216675,13.233694
papers,ai,4.8563433,14.9935665
papers,ai,5.600348,13.8934765
papers,ai,8.211982,13.870505
papers,ai,8.445964,14.123905
papers,ai,9.184342,13.022535
papers,ai,8.752955,14.121658
papers,ai,8.148736,13.407833
papers,ai,8.502952,12.273833
papers,ai,8.050614,12.29215
papers,ai,7.799427,12.360348
papers,ai,6.295205,14.917715
papers,ai,9.5652275,14.407528
papers,ai,8.062594,13.304252
papers,ai,6.3290277,15.923691
papers,ai,8.266114,12.494334
papers,ai,8.163174,13.247075
papers,ai,8.686364,14.038755
papers,ai,8.478759,12.833015
papers,ai,6.247579,15.873396
papers,ai,7.625418,14.594026
papers,ai,10.493871,12.7586565
papers,ai,5.29984,14.723176
papers,ai,5.239359,14.375163
papers,ai,7.7789106,12.790156
papers,ai,6.2681713,14.755783
papers,ai,7.276072,13.23366
papers,ai,6.6974483,14.053983
papers,ai,7.5450087,15.289346
papers,ai,6.9633827,15.23576
papers,ai,6.784436,14.523435
papers,ai,7.651762,12.906485
papers,ai,6.6482472,15.598795
papers,ai,7.4141417,15.021104
papers,ai,8.221376,12.3976145
papers,ai,6.2758164,14.545002
papers,ai,8.881454,14.522895
papers,ai,7.2340374,13.275336
papers,ai,6.998172,14.049768
papers,ai,6.3219566,14.675298
papers,ai,7.993768,13.830981
papers,ai,7.499173,13.251383
papers,ai,7.772938,13.26486
papers,ai,7.8270226,13.288895
papers,ai,6.9578643,13.594076
papers,ai,8.437979,13.287152
papers,ai,8.115362,13.402737
papers,ai,7.7861557,12.686899
papers,ai,8.302135,13.917309
papers,ai,7.598283,12.993362
papers,ai,6.8011823,14.443122
papers,ai,7.790971,12.8665695
papers,ai,8.743211,13.270349
papers,ai,7.8086824,15.400548
papers,ai,8.509491,13.727547
papers,ai,7.5277634,13.281762
papers,ai,9.271519,12.887255
papers,ai,7.9512706,13.064431
papers,ai,8.445631,13.430376
papers,ai,6.917568,14.16561
papers,ai,8.07129,12.221215
papers,ai,7.7182994,12.411253
papers,ai,7.244515,13.332433
papers,ai,7.7580557,14.199576
papers,ai,5.685651,15.299265
papers,ai,8.514926,12.352071
papers,ai,7.906767,13.500036
papers,ai,7.4101334,13.599335
papers,ai,7.559862,13.266828
papers,ai,9.7369795,13.405459
papers,ai,9.097689,14.103572
papers,ai,6.2277527,15.37006
papers,ai,8.3962555,12.424825
papers,ai,6.596736,15.579177
papers,ai,8.137414,12.501895
papers,ai,8.440201,12.556135
papers,ai,10.385021,10.441885
papers,ai,8.1343155,12.690155
papers,ai,7.818703,13.806752
papers,ai,9.276935,14.368167
papers,ai,6.2965555,16.25657
papers,ai,8.477127,13.225634
papers,ai,6.702986,14.72315
papers,ai,8.261964,13.750374
papers,ai,7.1972313,13.97363
papers,ai,7.882939,15.614144
papers,ai,7.6824265,13.508669
papers,ai,6.423344,16.111359
papers,ai,10.038651,15.361721
papers,ai_infra,8.582589,13.310655
papers,ai_infra,8.485229,13.155684
papers,ai_infra,8.216095,12.379553
papers,ai_infra,8.423483,13.372686
papers,ai_infra,7.9304533,13.221835
papers,ai_infra,7.9352565,13.695619
papers,ai_infra,9.397187,13.050008
papers,ai_infra,8.976209,12.375119
papers,ai_infra,9.198126,14.157401
papers,ai_infra,7.0761356,15.156561
papers,ai_infra,8.314478,12.91727
papers,ai_infra,8.914209,13.746503
papers,ai_infra,8.283666,13.995947
papers,ai_infra,8.553157,13.300171
papers,ai_infra,7.7190876,12.892366
papers,ai_infra,8.438387,13.317463
papers,ai_infra,8.384961,13.151392
papers,ai_infra,8.363572,15.115031
papers,ai_infra,7.1002846,13.302695
papers,ai_infra,7.682947,12.849971
papers,ai_infra,6.9347587,13.641716
papers,ai_infra,8.226006,12.373809
papers,ai_infra,8.16357,13.254377
papers,ai_infra,8.29383,13.671613
papers,ai_infra,8.051574,13.188745
papers,ai_infra,8.248479,13.54533
papers,ai_infra,8.091277,13.297767
papers,ai_infra,10.092626,13.163811
papers,ai_infra,8.413091,12.496057
papers,ai_infra,8.919363,13.9068985
papers,ai_infra,8.116599,12.56855
papers,ai_infra,8.411302,12.266583
papers,ai_infra,7.842745,12.498899
papers,ai_infra,8.578364,13.578301
papers,ai_infra,8.261674,12.335644
papers,ai_infra,5.498611,14.388895
papers,ai_infra,7.1606894,13.371911
papers,ai_infra,8.933001,12.792396
papers,ai_infra,7.8156924,14.429195
papers,ai_infra,7.440214,13.288872
papers,ai_infra,8.112701,14.540183
papers,ai_infra,7.8060575,12.401079
papers,ai_infra,8.966313,13.88985
papers,ai_infra,5.1798024,14.927621
papers,ai_infra,7.9756174,13.115845
papers,ai_infra,8.819578,14.885118
papers,ai_infra,10.096066,13.172191
papers,ai_infra,8.287577,13.181584
papers,ai_infra,8.53869,15.072256
papers,ai_infra,8.878551,12.310233
papers,ai_infra,9.192467,14.63241
papers,ai_infra,8.462068,12.503771
papers,ai_infra,7.8560095,13.694947
papers,ai_infra,7.630589,13.59739
papers,ai_infra,7.8903317,12.458972
papers,ai_infra,8.064388,12.505086
papers,ai_infra,8.196839,13.48979
papers,ai_infra,8.37096,13.357211
papers,ai_infra,7.977874,13.273741
papers,ai_infra,8.24797,12.429172
papers,ai_infra,8.15902,13.634954
papers,ai_infra,8.1158905,12.821997
papers,ai_infra,7.7018113,13.637929
papers,ai_infra,8.682123,13.717514
papers,ai_infra,7.922948,12.396464
papers,ai_infra,8.55634,13.154036
papers,ai_infra,8.166507,14.620232
papers,ai_infra,7.572586,14.513063
papers,ai_infra,7.473666,13.200932
papers,ai_infra,8.680581,12.5473585
papers,ai_infra,8.907436,14.899815
papers,ai_infra,5.862001,14.407836
papers,ai_infra,8.058927,12.729683
papers,ai_infra,8.139117,13.886201
papers,ai_infra,9.6271925,14.361472
papers,ai_infra,8.257246,12.443466
papers,ai_infra,8.393715,13.564479
papers,ai_infra,8.160213,12.963952
papers,ai_infra,9.086238,12.774913
papers,ai_infra,7.732852,12.288486
papers,ai_infra,7.855209,12.40458
papers,ai_infra,8.376952,12.314375
papers,ai_infra,9.2111635,13.372963
papers,ai_infra,9.115999,13.687318
papers,ai_infra,8.502909,12.670609
papers,ai_infra,8.357793,12.289829
papers,ai_infra,8.3427,12.279847
papers,ai_infra,7.7767487,13.287507
papers,ai_infra,6.736024,13.965943
papers,ai_infra,7.5106306,13.132976
papers,ai_infra,8.215798,12.469015
papers,ai_infra,7.105868,12.840988
papers,ai_infra,8.880257,14.757598
papers,ai_infra,7.7989573,15.480719
papers,ai_infra,8.352884,12.487542
papers,ai_infra,7.701626,13.101245
papers,ai_infra,8.109971,12.383726
papers,ai_infra,9.725008,14.126092
papers,ai_infra,5.899728,14.262706
papers,ai_infra,8.502073,13.924035
papers,ai_infra,7.9455504,12.700114
papers,ai_infra,8.083629,13.262066
papers,ai_infra,8.552867,12.876399
papers,ai_infra,8.2179365,12.668392
papers,ai_infra,8.033828,12.428846
papers,ai_infra,8.883408,13.7329035
papers,ai_infra,8.275653,13.312482
papers,ai_infra,8.425351,14.314445
papers,ai_infra,8.010011,12.199563
papers,ai_infra,8.085901,12.893032
papers,ai_infra,8.745164,13.346472
papers,ai_infra,8.027712,12.432388
papers,ai_infra,7.279411,14.176826
papers,ai_infra,8.380302,13.272416
papers,ai_infra,9.5562315,13.470785
papers,ai_infra,9.3092,14.260224
papers,ai_infra,7.9500327,12.481578
papers,ai_infra,8.8815365,13.963549
papers,ai_infra,6.79025,13.555441
papers,ai_infra,8.092662,13.695204
papers,ai_infra,8.624456,14.948639
papers,ai_infra,8.163992,12.753201
papers,ai_infra,8.091433,12.865928
papers,ai_infra,8.999428,15.150778
papers,ai_infra,8.319795,13.227018
papers,ai_infra,8.0157175,12.665749
papers,ai_infra,9.371717,13.299581
papers,ai_infra,7.70265,13.133496
papers,ai_infra,6.571957,14.203106
papers,ai_infra,8.156621,13.518257
papers,ai_infra,7.7478495,15.442671
papers,ai_infra,8.578265,13.419924
papers,ai_infra,8.568824,13.508733
papers,ai_infra,8.606789,13.574588
papers,ai_infra,8.621524,12.872574
papers,ai_infra,8.695528,13.532459
papers,ai_infra,8.823246,14.225999
papers,ai_infra,8.398484,13.206009
papers,ai_infra,8.449081,13.277906
papers,ai_infra,8.110211,13.808363
papers,ai_infra,7.3076673,14.428255
papers,ai_infra,6.8551116,14.198214
papers,ai_infra,7.841639,12.419521
papers,ai_infra,8.881123,14.0376835
papers,ai_infra,8.216985,13.335578
papers,ai_infra,8.298404,13.270036
papers,ai_infra,8.304146,13.896667
papers,ai_infra,9.478659,13.910914
papers,ai_infra,8.13429,12.368928
papers,ai_infra,5.4233556,13.903081
papers,ai_infra,8.167851,12.745702
papers,ai_infra,8.241,13.298518
papers,ai_infra,8.505717,13.385441
papers,ai_infra,8.830256,13.935316
papers,ai_infra,8.274566,13.200506
papers,ai_infra,10.812965,12.22357
papers,ai_infra,8.106393,12.309831
papers,ai_infra,8.089544,13.051026
papers,ai_infra,7.202677,13.335856
papers,ai_infra,8.3119755,14.389066
papers,physical_ai,8.354472,14.725263
papers,physical_ai,6.5600505,14.453145
papers,physical_ai,10.103007,14.088641
papers,physical_ai,7.784227,14.473633
papers,physical_ai,8.457435,14.434344
papers,physical_ai,7.8621616,14.635182
papers,physical_ai,6.41928,15.008434
papers,physical_ai,9.200237,12.450744
papers,physical_ai,9.6471405,13.459691
papers,physical_ai,7.9005995,13.864574
papers,physical_ai,5.7336187,14.592126
papers,physical_ai,9.107795,12.320889
papers,physical_ai,7.369418,13.12362
papers,physical_ai,9.803107,14.610795
papers,physical_ai,9.185675,14.4529
papers,physical_ai,10.081099,14.467206
papers,physical_ai,7.9351482,14.528977
papers,physical_ai,9.139021,14.017439
papers,physical_ai,9.305038,12.748833
papers,physical_ai,6.5355263,14.456861
papers,physical_ai,9.736443,14.614057
papers,physical_ai,6.630432,15.7159815
papers,physical_ai,8.955976,13.913568
papers,physical_ai,10.60829,14.8923645
papers,physical_ai,6.373865,14.699382
papers,physical_ai,9.855244,14.233474
papers,physical_ai,10.490979,15.064161
papers,physical_ai,9.960864,13.96386
papers,physical_ai,6.4239917,15.804774
papers,physical_ai,8.051749,14.760622
papers,physical_ai,8.867556,14.745454
papers,physical_ai,8.77924,12.575846
papers,physical_ai,9.155053,14.164665
papers,physical_ai,9.385349,14.170214
papers,physical_ai,8.286674,13.132521
papers,physical_ai,7.764901,14.158311
papers,physical_ai,8.093854,14.045786
papers,physical_ai,6.560068,14.291904
papers,physical_ai,7.3097367,15.595964
papers,physical_ai,5.760488,13.580852
papers,physical_ai,5.6464157,14.136306
papers,physical_ai,9.232217,14.270556
papers,physical_ai,9.866386,14.486544
papers,physical_ai,10.614235,14.896301
papers,physical_ai,10.700621,14.453908
papers,physical_ai,10.200375,14.615553
papers,physical_ai,7.7434025,14.668636
papers,physical_ai,6.4197397,14.495515
papers,physical_ai,6.5699873,15.4755945
papers,physical_ai,6.067186,15.637347
papers,physical_ai,9.04608,14.988135
papers,physical_ai,8.96922,14.5748205
papers,physical_ai,7.9035983,14.504435
papers,physical_ai,8.188189,13.467705
papers,physical_ai,7.05413,15.276733
papers,physical_ai,9.247119,14.700607
papers,physical_ai,8.446491,14.753801
papers,physical_ai,10.173586,14.017658
papers,physical_ai,8.916901,13.733451
papers,physical_ai,8.668448,14.223854
papers,physical_ai,7.861874,14.611506
papers,physical_ai,8.818852,15.006232
papers,physical_ai,6.9911103,13.623158
papers,physical_ai,8.766288,13.90095
papers,physical_ai,8.49751,14.68245
papers,physical_ai,5.748835,13.881117
papers,physical_ai,8.527559,14.7196245
papers,physical_ai,5.6716743,14.729639
papers,physical_ai,10.329337,14.999123
papers,physical_ai,9.31751,14.807019
papers,physical_ai,7.849012,14.487497
papers,physical_ai,8.602612,15.3900385
papers,physical_ai,5.7903533,13.548124
papers,physical_ai,7.156648,14.343381
papers,physical_ai,9.484695,14.98408
papers,physical_ai,6.333491,14.465819
papers,physical_ai,8.788557,14.706135
papers,physical_ai,7.836346,14.617792
papers,physical_ai,9.0664625,13.599322
papers,physical_ai,8.529068,14.577282
papers,physical_ai,9.3682165,14.750242
papers,physical_ai,8.828688,15.0882
papers,physical_ai,8.80309,14.734724
papers,physical_ai,7.6680245,13.245051
papers,physical_ai,8.636734,14.173444
papers,physical_ai,5.84692,14.441927
papers,physical_ai,8.481543,14.2185
papers,physical_ai,6.2791257,15.05843
papers,physical_ai,8.908511,12.544997
papers,physical_ai,9.193883,14.244304
papers,physical_ai,8.292233,13.540064
papers,physical_ai,6.143737,15.559972
papers,physical_ai,7.4143715,15.587816
papers,physical_ai,8.203155,13.772336
papers,physical_ai,8.623714,13.822723
papers,physical_ai,9.381192,13.616087
papers,physical_ai,8.146644,14.338375
papers,physical_ai,10.482132,15.045613
papers,physical_ai,6.334135,14.623178
papers,physical_ai,7.1846166,13.389599
papers,physical_ai,6.5946307,14.344391
papers,physical_ai,7.8363657,14.541456
papers,physical_ai,5.762417,14.693938
papers,physical_ai,8.284403,14.97514
papers,physical_ai,8.415526,13.392358
papers,physical_ai,9.825451,14.079033
papers,physical_ai,7.156869,13.176776
papers,physical_ai,8.366183,12.979558
papers,physical_ai,9.001411,14.678691
papers,physical_ai,8.3514,13.190189
papers,physical_ai,8.108852,14.566345
papers,physical_ai,8.262324,14.211711
papers,physical_ai,9.4303465,15.162808
papers,physical_ai,6.5732665,14.228478
papers,physical_ai,8.113646,13.715692
papers,physical_ai,7.6337323,13.693525
papers,physical_ai,8.541974,13.531321
papers,physical_ai,8.091801,14.060655
papers,physical_ai,8.431206,14.529044
papers,physical_ai,10.238148,15.22319
papers,physical_ai,7.0562196,14.555199
papers,physical_ai,8.475308,14.748203
papers,physical_ai,10.602637,14.874462
papers,physical_ai,7.6528134,14.567823
papers,physical_ai,10.625381,14.661978
papers,physical_ai,7.8040366,14.336366
papers,physical_ai,9.104176,13.63605
papers,physical_ai,7.837899,14.250375
papers,physical_ai,8.544763,13.093591
papers,physical_ai,9.236247,13.710086
papers,physical_ai,10.808299,13.044565
papers,physical_ai,8.210587,13.322111
papers,physical_ai,6.1177344,15.515427
papers,physical_ai,6.612248,14.213429
papers,physical_ai,9.128247,12.067829
papers,physical_ai,8.059497,12.924504
papers,physical_ai,6.977694,15.115696
papers,physical_ai,10.330775,14.7631035
papers,physical_ai,6.5930276,14.187531
papers,physical_ai,10.5033,15.010447
papers,physical_ai,5.9084315,13.591229
papers,physical_ai,5.877589,15.330941
papers,physical_ai,6.514989,14.2965975
papers,physical_ai,8.277411,14.336968
papers,physical_ai,7.156996,15.413336
papers,physical_ai,9.619013,14.367508
papers,physical_ai,10.148373,15.327687
papers,physical_ai,5.827989,14.489085
papers,physical_ai,7.641963,13.4377575
papers,physical_ai,7.6076035,14.61253
papers,physical_ai,8.468243,14.242051
papers,physical_ai,7.5884604,14.072701
papers,physical_ai,6.045896,14.901829
papers,physical_ai,9.459114,12.013933
papers,physical_ai,8.662946,13.9345255
papers,physical_ai,6.138585,15.484068
papers,physical_ai,9.851135,14.615679
papers,physical_ai,6.6116495,13.703861
papers,physical_ai,9.973529,11.925299
papers,physical_ai,8.543991,13.703446
papers,physical_ai_risks,8.928604,14.751889
papers,physical_ai_risks,7.8143764,15.059241
papers,physical_ai_risks,5.533601,14.708082
papers,physical_ai_risks,6.464621,15.673882
papers,physical_ai_risks,6.526178,15.13305
papers,physical_ai_risks,7.140366,14.555554
papers,physical_ai_risks,5.713214,14.769375
papers,physical_ai_risks,8.682978,13.671693
papers,physical_ai_risks,6.550021,14.366344
papers,physical_ai_risks,8.354777,14.667022
papers,physical_ai_risks,8.259598,13.95929
papers,physical_ai_risks,5.9114623,15.829683
papers,physical_ai_risks,5.9445457,15.327692
papers,physical_ai_risks,9.109305,14.733052
papers,physical_ai_risks,9.752267,14.621257
papers,physical_ai_risks,7.6194744,15.521316
papers,physical_ai_risks,7.961457,14.872944
papers,physical_ai_risks,6.7171917,14.7670765
papers,physical_ai_risks,5.325129,14.812321
papers,physical_ai_risks,7.8783813,15.134196
papers,physical_ai_risks,10.1761675,15.019559
papers,physical_ai_risks,8.4373455,14.112888
papers,physical_ai_risks,6.702677,15.728579
papers,physical_ai_risks,6.0117593,15.663637
papers,physical_ai_risks,9.137219,14.868345
papers,physical_ai_risks,7.233926,13.1780615
papers,physical_ai_risks,10.14029,14.476911
papers,physical_ai_risks,9.303514,14.488272
papers,physical_ai_risks,6.514956,14.41018
papers,physical_ai_risks,7.7497873,15.051226
papers,physical_ai_risks,6.7374516,14.789915
papers,physical_ai_risks,8.7131405,15.014525
papers,physical_ai_risks,6.95978,15.340515
papers,physical_ai_risks,8.659191,14.190277
papers,physical_ai_risks,2.590607,14.776479
papers,physical_ai_risks,8.798854,12.669886
papers,physical_ai_risks,8.00647,14.84663
papers,physical_ai_risks,7.805594,15.33232
papers,physical_ai_risks,7.2392135,14.709417
papers,physical_ai_risks,10.058537,14.411679
papers,physical_ai_risks,7.8661094,15.179494
papers,physical_ai_risks,7.3259425,15.647155
papers,physical_ai_risks,5.883625,15.144251
papers,physical_ai_risks,7.013026,13.04295
papers,physical_ai_risks,10.124546,15.319339
papers,physical_ai_risks,5.8420944,13.60069
papers,physical_ai_risks,8.656531,14.8749075
papers,physical_ai_risks,7.7711735,12.415477
papers,physical_ai_risks,7.453099,14.949753
papers,physical_ai_risks,7.8856435,13.621327
papers,physical_ai_risks,9.364878,14.818124
papers,physical_ai_risks,7.8725123,15.446401
papers,physical_ai_risks,10.076825,14.63565
papers,physical_ai_risks,6.5447164,15.31649
papers,physical_ai_risks,6.831672,14.945555
papers,physical_ai_risks,5.908506,15.490038
papers,physical_ai_risks,7.9093347,14.573302
papers,physical_ai_risks,7.802541,14.322674
papers,physical_ai_risks,7.2850966,13.178566
papers,physical_ai_risks,10.745569,14.471627
papers,physical_ai_risks,8.631224,13.770845
papers,physical_ai_risks,7.2875648,14.6121435
papers,physical_ai_risks,8.2380495,14.332296
papers,physical_ai_risks,7.492639,14.965111
papers,physical_ai_risks,8.178357,12.838921
papers,physical_ai_risks,5.4561563,14.755577
papers,physical_ai_risks,7.759978,14.705723
papers,physical_ai_risks,6.449012,14.4611025
papers,physical_ai_risks,7.481733,14.624594
papers,physical_ai_risks,6.4906764,14.964593
papers,physical_ai_risks,9.673985,14.35718
papers,physical_ai_risks,8.055932,15.115442
papers,physical_ai_risks,9.915489,14.421029
papers,physical_ai_risks,7.9482074,14.592049
papers,physical_ai_risks,10.203967,14.235726
papers,physical_ai_risks,7.3158736,15.6239
papers,physical_ai_risks,6.483388,15.902368
papers,physical_ai_risks,9.526323,15.053843
papers,physical_ai_risks,8.74254,12.314206
papers,physical_ai_risks,7.838235,15.083261
papers,physical_ai_risks,8.715679,14.338264
papers,physical_ai_risks,7.4701724,13.677299
papers,physical_ai_risks,6.7000995,15.582173
papers,physical_ai_risks,7.1857495,13.220092
papers,physical_ai_risks,6.007557,15.555437
papers,physical_ai_risks,6.5398827,15.84723
papers,physical_ai_risks,9.177392,14.705878
papers,physical_ai_risks,7.8142023,15.177415
papers,physical_ai_risks,8.348013,14.513963
papers,physical_ai_risks,7.3536596,15.148058
papers,physical_ai_risks,10.124773,13.903944
papers,physical_ai_risks,6.157228,15.733509
papers,physical_ai_risks,7.15237,14.527921
papers,physical_ai_risks,7.953379,15.422853
papers,physical_ai_risks,7.5525165,15.618874
papers,physical_ai_risks,10.634786,14.807444
papers,physical_ai_risks,6.5982065,14.342845
papers,physical_ai_risks,8.83751,14.830291
papers,physical_ai_risks,9.697171,13.911719
papers,physical_ai_risks,6.3694797,16.033121
papers,physical_ai_risks,8.360761,13.743474
papers,physical_ai_risks,9.296407,14.317762
papers,physical_ai_risks,7.8368535,15.115092
papers,physical_ai_risks,8.354437,13.876187
papers,physical_ai_risks,8.402144,14.271415
papers,physical_ai_risks,8.340303,14.731592
papers,physical_ai_risks,6.2753854,14.587757
papers,physical_ai_risks,7.8908367,15.169428
papers,physical_ai_risks,8.477263,13.374627
papers,physical_ai_risks,10.066408,13.972971
papers,physical_ai_risks,7.758128,15.544204
papers,physical_ai_risks,6.207844,15.788276
papers,physical_ai_risks,9.329705,14.747728
papers,physical_ai_risks,6.0971794,15.575996
papers,physical_ai_risks,8.05771,13.022329
papers,physical_ai_risks,6.133981,15.94954
papers,physical_ai_risks,6.2557344,15.412424
papers,physical_ai_risks,10.636921,12.737227
papers,physical_ai_risks,6.614227,15.514601
papers,physical_ai_risks,8.781902,14.046278
papers,physical_ai_risks,6.7814765,15.686596
papers,physical_ai_risks,8.91619,14.905879
papers,physical_ai_risks,6.78605,15.721331
papers,physical_ai_risks,10.2682905,14.304716
papers,physical_ai_risks,7.67882,14.930134
papers,physical_ai_risks,6.093917,15.628881
papers,physical_ai_risks,6.414275,15.305465
papers,physical_ai_risks,5.3113413,14.653836
papers,physical_ai_risks,7.0101457,13.52479
papers,physical_ai_risks,10.941504,14.279105
papers,physical_ai_risks,6.088025,15.446798
papers,physical_ai_risks,6.7504454,15.792206
papers,physical_ai_risks,10.101226,15.342072
papers,physical_ai_risks,8.745788,13.922395
papers,physical_ai_risks,9.310646,14.405449
papers,physical_ai_risks,10.467825,14.750031
papers,physical_ai_risks,7.829806,15.124996
papers,physical_ai_risks,10.530013,12.986238
papers,physical_ai_risks,6.2331367,15.441074
papers,physical_ai_risks,7.811015,13.6696205
papers,physical_ai_risks,7.652053,15.576322
papers,physical_ai_risks,9.484975,14.098048
papers,physical_ai_risks,6.226723,15.67425
papers,physical_ai_risks,5.6446447,13.96396
papers,physical_ai_risks,8.0426,14.263205
papers,physical_ai_risks,7.3065166,15.126671
papers,physical_ai_risks,6.3919635,14.312324
papers,physical_ai_risks,7.6361794,15.584208
papers,physical_ai_risks,6.4177365,14.827713
papers,physical_ai_risks,8.051065,13.744065
papers,physical_ai_risks,8.345353,15.168486
papers,physical_ai_risks,7.099775,12.797931
papers,physical_ai_risks,6.6590314,14.185329
papers,physical_ai_risks,9.039671,14.915309
papers,physical_ai_risks,9.712751,14.235259
papers,physical_ai_risks,9.626151,14.031608
papers,physical_ai_risks,8.725016,15.275271
papers,physical_ai_risks,6.07519,15.606774
papers,physical_ai_risks,7.1233253,15.663946
papers,physical_ai_risks,9.235732,14.8618965
policy_reports,ai,3.724842,14.278246
policy_reports,ai,2.8436122,15.13623
policy_reports,ai,3.6499016,14.2102165
policy_reports,ai,2.6051335,15.127024
policy_reports,ai,2.726468,14.730726
policy_reports,ai,4.6755824,14.286528
policy_reports,ai,3.3814263,14.219377
policy_reports,ai,3.8244414,14.3841915
policy_reports,ai,2.65487,14.806404
policy_reports,ai,4.468576,14.488873
policy_reports,ai,3.0787022,13.202857
policy_reports,ai,3.1251361,14.638395
policy_reports,ai,3.1284063,15.143363
policy_reports,ai,3.1243846,15.431019
policy_reports,ai,3.0701401,13.219549
policy_reports,ai,3.7640347,14.536722
policy_reports,ai,3.1106255,14.626173
policy_reports,ai,3.0398822,14.763222
policy_reports,ai,2.6724882,14.685793
policy_reports,ai,3.3077476,14.34014
policy_reports,ai,3.2171159,14.882533
policy_reports,ai,2.547891,14.834004
policy_reports,ai,2.7321875,14.69907
policy_reports,ai,6.239308,15.163202
policy_reports,ai,2.846944,14.838919
policy_reports,ai,2.681686,14.520428
policy_reports,ai,4.7361107,14.290469
policy_reports,ai,7.2281795,13.078943
policy_reports,ai,2.652166,15.198425
policy_reports,ai,3.307088,14.607216
policy_reports,ai,2.9141903,14.931912
policy_reports,ai,2.6180675,14.695006
policy_reports,ai,2.7622106,15.082215
policy_reports,ai,3.2581072,14.25637
policy_reports,ai,3.3555431,13.794492
policy_reports,ai,2.6939118,14.870675
policy_reports,ai,4.6010213,14.334684
policy_reports,ai,2.8675275,14.6711
policy_reports,ai,2.9061127,14.897806
policy_reports,ai,3.0841777,13.20789
policy_reports,ai,3.1273167,14.244823
policy_reports,ai,3.1213372,13.345402
policy_reports,ai,3.6683683,14.35057
policy_reports,ai,3.0812118,13.206936
policy_reports,ai,6.2336,15.576886
policy_reports,ai,5.609094,15.717056
policy_reports,ai,3.0489156,15.349858
policy_reports,ai,3.0790083,13.216153
policy_reports,ai,3.081354,13.226451
policy_reports,ai,2.7445002,15.1022005
policy_reports,ai,3.270638,14.177715
policy_reports,ai,3.1304166,14.732741
policy_reports,ai,3.2806723,13.754514
policy_reports,ai,2.7505848,15.267357
policy_reports,ai,2.8639143,14.500141
policy_reports,ai,2.8183827,14.986644
policy_reports,ai,6.4775343,16.176807
policy_reports,ai,3.9989915,14.004933
policy_reports,ai,3.0965378,14.829224
policy_reports,ai,3.058657,15.412274
policy_reports,ai,3.8336627,14.341931
policy_reports,ai,2.915046,14.71316
policy_reports,ai,3.0109022,14.906861
policy_reports,ai,3.0865903,14.481406
policy_reports,ai,2.918186,14.439692
policy_reports,ai,2.8666947,14.818382
policy_reports,ai,3.4594183,14.5682535
policy_reports,ai,2.845449,14.904751
policy_reports,ai,3.3244643,14.774495
policy_reports,ai,3.1547472,15.10179
policy_reports,ai,10.062113,14.333119
policy_reports,ai,3.7746766,14.285441
policy_reports,ai,2.8372176,14.929751
policy_reports,ai,2.5176,14.830595
policy_reports,ai,2.7007678,15.434611
policy_reports,ai,2.9506707,14.734745
policy_reports,ai,3.4980555,14.473181
policy_reports,ai,2.8595126,14.224199
policy_reports,ai,2.6004667,14.603136
policy_reports,ai,2.8670468,14.481265
policy_reports,ai,3.5433872,14.365374
policy_reports,ai,2.830888,14.753137
policy_reports,ai,3.4719837,14.111885
policy_reports,ai,2.5807564,14.527866
policy_reports,ai,2.9589694,14.939248
policy_reports,ai,8.692257,12.947962
policy_reports,ai,2.5699003,14.711111
policy_reports,ai,6.1814756,15.976395
policy_reports,ai,3.0352206,14.917252
policy_reports,ai,2.9305894,14.960295
policy_reports,ai,2.8701458,14.356868
policy_reports,ai,2.8300972,15.450612
policy_reports,ai,2.4668214,14.734941
policy_reports,ai,2.7715569,15.424382
policy_reports,ai,2.688823,14.699141
policy_reports,ai,2.8443685,15.053289
policy_reports,ai,2.8749278,14.889007
policy_reports,ai,5.3805337,15.5162325
policy_reports,ai,2.6143615,14.554209
policy_reports,ai,2.9043965,15.419147
policy_reports,ai,2.747832,15.071686
policy_reports,ai,3.4300866,14.066272
policy_reports,ai,3.2673788,14.417961
policy_reports,ai,5.596909,15.655789
policy_reports,ai,4.012634,14.445964
policy_reports,ai,2.7586596,14.614924
policy_reports,ai,6.921542,14.157698
policy_reports,ai,3.0829694,13.219074
policy_reports,ai,2.6285036,14.796407
policy_reports,ai,3.1426415,15.481656
policy_reports,ai,3.839621,14.495766
policy_reports,ai,4.607453,15.418791
policy_reports,ai,3.1109352,15.264959
policy_reports,ai,11.85932,11.903259
policy_reports,ai,3.5816207,14.119399
policy_reports,ai,3.0990167,14.751093
policy_reports,ai,3.1191247,14.313269
policy_reports,ai,2.6064775,14.903064
policy_reports,ai,3.3253925,14.248028
policy_reports,ai,3.10225,14.77198
policy_reports,ai,3.337933,15.619462
policy_reports,ai,10.722504,13.872314
policy_reports,ai,2.574217,15.173768
policy_reports,ai,2.964211,14.69651
policy_reports,ai,9.618503,12.059109
policy_reports,ai,3.1842465,14.679484
policy_reports,ai,3.0035696,15.07587
policy_reports,ai,3.0882456,13.219677
policy_reports,ai,3.65002,14.370775
policy_reports,ai,3.2133071,14.696737
policy_reports,ai,3.149656,14.671618
policy_reports,ai,2.7571256,14.551907
policy_reports,ai,3.3565953,15.626213
policy_reports,ai,3.2560236,14.831159
policy_reports,ai,3.1004972,15.157292
policy_reports,ai,3.7026808,14.547258
policy_reports,ai,8.218152,13.600576
policy_reports,ai,3.5722287,14.361706
policy_reports,ai,2.9163942,14.435181
policy_reports,ai,3.0218697,15.497406
policy_reports,ai,4.52618,14.340943
policy_reports,ai,3.172119,14.998472
policy_reports,ai,3.0901396,13.228469
policy_reports,ai,2.7509599,14.85155
policy_reports,ai,2.5576205,14.805184
policy_reports,ai,10.600207,13.410326
policy_reports,ai,3.6853395,14.135688
policy_reports,ai,2.5348272,14.668704
policy_reports,ai,5.1642046,15.153166
policy_reports,ai,2.5609565,14.623712
policy_reports,ai,3.5255075,14.5823145
policy_reports,ai,2.8481379,14.647627
policy_reports,ai,5.633285,14.5749855
policy_reports,ai,5.6946225,15.536919
policy_reports,ai,3.3558397,14.559235
policy_reports,ai,3.1051626,15.403116
policy_reports,ai,3.2271056,14.182686
policy_reports,ai,3.318006,14.804174
policy_reports,ai,2.6945138,14.28861
policy_reports,ai,2.726643,15.043026
policy_reports,ai_infra,6.246219,15.623569
policy_reports,ai_infra,6.101566,16.079473
policy_reports,ai_infra,8.052903,12.583338
policy_reports,ai_infra,6.3297033,16.065592
policy_reports,ai_infra,6.150387,15.595619
policy_reports,ai_infra,6.3196025,16.047503
policy_reports,ai_infra,6.499141,14.4295845
policy_reports,ai_infra,6.7786374,15.307875
policy_reports,ai_infra,6.95996,15.52207
policy_reports,ai_infra,6.184267,16.035341
policy_reports,ai_infra,6.2298255,16.109182
policy_reports,ai_infra,6.225743,15.524752
policy_reports,ai_infra,5.4837456,15.912677
policy_reports,ai_infra,6.5652404,15.905129
policy_reports,ai_infra,6.487326,16.026691
policy_reports,ai_infra,2.5257082,14.415524
policy_reports,ai_infra,7.4243627,15.327115
policy_reports,ai_infra,5.543045,14.86203
policy_reports,ai_infra,6.577499,15.118468
policy_reports,ai_infra,6.673557,15.974384
policy_reports,ai_infra,5.825172,15.390418
policy_reports,ai_infra,6.5445266,15.352887
policy_reports,ai_infra,5.082002,15.488452
policy_reports,ai_infra,6.3834805,15.431852
policy_reports,ai_infra,4.9365044,15.085888
policy_reports,ai_infra,5.4796867,15.081826
policy_reports,ai_infra,5.765583,14.908066
policy_reports,ai_infra,6.3090177,15.359805
policy_reports,ai_infra,4.333692,15.71263
policy_reports,ai_infra,4.4083986,15.704698
policy_reports,ai_infra,5.353177,14.851289
policy_reports,ai_infra,6.4484863,16.064327
policy_reports,ai_infra,5.350695,15.71635
policy_reports,ai_infra,5.4398313,15.941651
policy_reports,ai_infra,5.409153,15.143047
policy_reports,ai_infra,5.5183697,15.695985
policy_reports,ai_infra,4.385295,15.708756
policy_reports,ai_infra,6.532623,16.060843
policy_reports,ai_infra,4.268042,15.724142
policy_reports,ai_infra,5.2946625,15.536358
policy_reports,ai_infra,7.129472,15.552916
policy_reports,ai_infra,5.7771964,15.73315
policy_reports,ai_infra,5.3219233,15.934308
policy_reports,ai_infra,4.483007,15.68406
policy_reports,ai_infra,4.3115587,15.700967
policy_reports,ai_infra,5.443961,15.6004095
policy_reports,ai_infra,5.872536,15.90931
policy_reports,ai_infra,5.1871815,15.488422
policy_reports,ai_infra,5.551342,15.920043
policy_reports,ai_infra,5.5841875,15.875522
policy_reports,ai_infra,6.0502167,16.02773
policy_reports,ai_infra,5.4482718,15.580646
policy_reports,ai_infra,3.1739223,15.783036
policy_reports,ai_infra,3.7267494,14.542012
policy_reports,ai_infra,5.2657495,15.616514
policy_reports,ai_infra,3.51867,14.886855
policy_reports,ai_infra,3.4645715,14.992234
policy_reports,ai_infra,2.6738658,14.44342
policy_reports,ai_infra,2.8398929,15.649866
policy_reports,ai_infra,2.9457433,15.698812
policy_reports,ai_infra,3.114167,15.278254
policy_reports,ai_infra,2.7221372,14.398174
policy_reports,ai_infra,3.202237,15.559323
policy_reports,ai_infra,2.9464302,14.972094
policy_reports,ai_infra,2.948963,14.388489
policy_reports,ai_infra,3.067342,15.658688
policy_reports,ai_infra,2.917718,15.644073
policy_reports,ai_infra,2.9841793,15.766111
policy_reports,ai_infra,10.147116,12.5087
policy_reports,ai_infra,3.0449378,15.781761
policy_reports,ai_infra,2.8609555,14.234334
policy_reports,ai_infra,2.937718,14.458076
policy_reports,ai_infra,2.879804,14.311591
policy_reports,ai_infra,8.52134,14.103602
policy_reports,ai_infra,2.5602725,15.203597
policy_reports,ai_infra,3.0192304,14.346712
policy_reports,ai_infra,2.7332213,14.919848
policy_reports,ai_infra,2.4955928,14.946472
policy_reports,ai_infra,2.7649996,14.2579975
policy_reports,ai_infra,5.9646125,14.616659
policy_reports,ai_infra,3.5279284,14.97607
policy_reports,ai_infra,2.995357,15.7434025
policy_reports,ai_infra,3.039325,14.692786
policy_reports,ai_infra,2.8470008,14.368249
policy_reports,ai_infra,3.4106715,14.85647
policy_reports,ai_infra,2.9782276,15.774257
policy_reports,ai_infra,2.902095,15.709865
policy_reports,ai_infra,2.981543,15.692291
policy_reports,ai_infra,2.9786148,15.712143
policy_reports,ai_infra,3.400851,15.001331
policy_reports,ai_infra,3.3900738,14.901514
policy_reports,ai_infra,4.7473164,15.390304
policy_reports,ai_infra,2.8936396,15.6953125
policy_reports,ai_infra,2.7163942,15.531957
policy_reports,ai_infra,3.5162477,14.927976
policy_reports,ai_infra,2.9999545,15.754682
policy_reports,ai_infra,3.7265549,14.433089
policy_reports,ai_infra,3.3445466,14.389585
policy_reports,ai_infra,3.406575,14.960141
policy_reports,ai_infra,2.9534757,15.774924
policy_reports,ai_infra,10.221598,13.33694
policy_reports,ai_infra,2.9588149,15.757632
policy_reports,ai_infra,2.8301148,14.204969
policy_reports,ai_infra,3.510555,14.890513
policy_reports,ai_infra,2.7642303,14.335515
policy_reports,ai_infra,2.9056141,15.583769
policy_reports,ai_infra,2.7453156,15.567387
policy_reports,ai_infra,2.907213,15.800276
policy_reports,ai_infra,2.8607483,14.298062
policy_reports,ai_infra,2.964728,15.701428
policy_reports,ai_infra,2.9574282,14.556674
policy_reports,ai_infra,2.9679334,15.7450695
policy_reports,ai_infra,2.898302,15.796092
policy_reports,ai_infra,2.9426227,15.73607
policy_reports,ai_infra,3.2015471,15.560385
policy_reports,ai_infra,3.6261208,15.380339
policy_reports,ai_infra,3.4739926,14.925461
policy_reports,ai_infra,3.55977,14.9884
policy_reports,ai_infra,2.8274512,15.367213
policy_reports,ai_infra,2.650144,14.515512
policy_reports,ai_infra,3.1979568,15.527724
policy_reports,ai_infra,3.0255575,15.788304
policy_reports,ai_infra,2.9967082,15.77463
policy_reports,ai_infra,2.8433821,14.220358
policy_reports,ai_infra,3.0538108,15.62117
policy_reports,ai_infra,3.009707,14.007326
policy_reports,ai_infra,2.8397422,14.816267
policy_reports,ai_infra,2.8516088,15.936269
policy_reports,ai_infra,2.6594865,14.995475
policy_reports,ai_infra,3.0723984,15.795718
policy_reports,ai_infra,2.9797297,14.28629
policy_reports,ai_infra,2.6677177,14.93562
policy_reports,ai_infra,3.3325987,14.909312
policy_reports,ai_infra,3.133063,15.186232
policy_reports,ai_infra,4.7791185,13.803454
policy_reports,ai_infra,2.8487387,14.835583
policy_reports,ai_infra,2.9723065,15.67221
policy_reports,ai_infra,2.877497,14.368732
policy_reports,ai_infra,2.8236153,15.675026
policy_reports,ai_infra,3.1966927,14.792488
policy_reports,ai_infra,2.7939863,15.668288
policy_reports,ai_infra,3.2536027,15.855877
policy_reports,ai_infra,2.7606583,14.285053
policy_reports,ai_infra,11.363388,13.941132
policy_reports,ai_infra,2.9191575,15.7997055
policy_reports,ai_infra,3.4370508,14.876758
policy_reports,physical_ai,1.0468717,13.089369
policy_reports,physical_ai,10.588221,14.893853
policy_reports,physical_ai,4.8793015,15.165094
policy_reports,physical_ai,0.9689872,13.134872
policy_reports,physical_ai,2.03813,12.767066
policy_reports,physical_ai,2.0238242,12.760483
policy_reports,physical_ai,5.878501,15.460968
policy_reports,physical_ai,2.1251197,12.865203
policy_reports,physical_ai,4.2388606,14.640848
policy_reports,physical_ai,0.91377676,13.063314
policy_reports,physical_ai,7.072953,15.654063
policy_reports,physical_ai,1.0538598,13.12961
policy_reports,physical_ai,5.255982,13.883297
policy_reports,physical_ai,10.165454,15.344369
policy_reports,physical_ai,4.70457,15.445387
policy_reports,physical_ai,10.466913,15.2912035
policy_reports,physical_ai,1.34565,13.368944
policy_reports,physical_ai,5.2819777,15.927395
policy_reports,physical_ai,4.08711,14.375913
policy_reports,physical_ai,0.8384082,12.9347315
policy_reports,physical_ai,9.166151,12.341228
policy_reports,physical_ai,9.343399,13.492023
policy_reports,physical_ai,3.9313536,15.727998
policy_reports,physical_ai,4.749296,15.552502
policy_reports,physical_ai,4.4492054,14.835438
policy_reports,physical_ai,0.8987238,13.088609
policy_reports,physical_ai,5.720997,15.720541
policy_reports,physical_ai,6.622427,13.378141
policy_reports,physical_ai,4.337763,14.751051
policy_reports,physical_ai,7.18545,14.069493
policy_reports,physical_ai,6.3885818,15.052882
policy_reports,physical_ai,9.800883,13.933296
policy_reports,physical_ai,4.154265,14.358433
policy_reports,physical_ai,5.409192,15.0665045
policy_reports,physical_ai,2.0024328,12.777839
policy_reports,physical_ai,5.27568,14.869896
policy_reports,physical_ai,5.3657875,14.24474
policy_reports,physical_ai,10.781938,13.589938
policy_reports,physical_ai,5.613776,15.777432
policy_reports,physical_ai,6.6646056,14.918941
policy_reports,physical_ai,5.4435267,15.426965
policy_reports,physical_ai,0.92599154,13.086658
policy_reports,physical_ai,5.9857574,15.930159
policy_reports,physical_ai,8.951743,15.084836
policy_reports,physical_ai,2.0146508,12.758498
policy_reports,physical_ai,4.9189005,15.136608
policy_reports,physical_ai,5.7812295,13.660214
policy_reports,physical_ai,6.5123067,16.027678
policy_reports,physical_ai,5.754931,14.422694
policy_reports,physical_ai,6.4700913,15.450927
policy_reports,physical_ai,5.5759053,14.633787
policy_reports,physical_ai,5.678896,15.644655
policy_reports,physical_ai,4.8860135,13.854941
policy_reports,physical_ai,5.7387633,13.994375
policy_reports,physical_ai,6.284122,16.246883
policy_reports,physical_ai,7.7765837,15.541933
policy_reports,physical_ai,0.95133483,13.058405
policy_reports,physical_ai,2.0441127,12.770358
policy_reports,physical_ai,4.737773,14.167894
policy_reports,physical_ai,4.921449,14.681801
policy_reports,physical_ai,6.3156953,15.402941
policy_reports,physical_ai,5.750159,13.689209
policy_reports,physical_ai,4.2320065,14.309862
policy_reports,physical_ai,5.7684345,13.627869
policy_reports,physical_ai,5.208281,14.929571
policy_reports,physical_ai,7.5311856,13.684784
policy_reports,physical_ai,6.223156,15.609556
policy_reports,physical_ai,5.3684177,14.887494
policy_reports,physical_ai,4.321026,15.49498
policy_reports,physical_ai,10.444081,14.755116
policy_reports,physical_ai,6.208734,14.7185545
policy_reports,physical_ai,0.82973313,12.925771
policy_reports,physical_ai,5.9989066,15.941577
policy_reports,physical_ai,6.2949395,14.723533
policy_reports,physical_ai,5.9800167,15.683927
policy_reports,physical_ai,5.294528,13.947442
policy_reports,physical_ai,4.1385474,14.392788
policy_reports,physical_ai,4.1166177,14.452643
policy_reports,physical_ai,4.7346087,15.186232
policy_reports,physical_ai,5.619011,15.344478
policy_reports,physical_ai,6.798066,15.768672
policy_reports,physical_ai,6.1599298,15.057131
policy_reports,physical_ai,0.80391455,12.899501
policy_reports,physical_ai,6.775351,14.817378
policy_reports,physical_ai,5.8004923,15.645473
policy_reports,physical_ai,4.981339,15.206702
policy_reports,physical_ai,5.6213317,15.761251
policy_reports,physical_ai,5.8313155,15.641882
policy_reports,physical_ai,10.531274,13.053873
policy_reports,physical_ai,5.7869525,14.543669
policy_reports,physical_ai,5.6205196,15.299569
policy_reports,physical_ai,6.784766,14.75997
policy_reports,physical_ai,7.3602204,13.386232
policy_reports,physical_ai,7.5142727,13.667381
policy_reports,physical_ai,8.982628,14.963067
policy_reports,physical_ai,0.91184413,12.990118
policy_reports,physical_ai,7.585826,14.637739
policy_reports,physical_ai,5.726812,14.564357
policy_reports,physical_ai,5.016314,14.555036
policy_reports,physical_ai,1.0382046,13.074442
policy_reports,physical_ai,5.122605,14.91365
policy_reports,physical_ai,6.4017124,15.8719225
policy_reports,physical_ai,3.5013237,15.786002
policy_reports,physical_ai,6.5245147,14.992744
policy_reports,physical_ai,7.144537,15.389726
policy_reports,physical_ai,6.824506,13.728319
policy_reports,physical_ai,9.997036,13.805931
policy_reports,physical_ai,4.73657,14.144317
policy_reports,physical_ai,6.564712,14.429778
policy_reports,physical_ai,6.1390023,15.537288
policy_reports,physical_ai,7.4988284,14.416786
policy_reports,physical_ai,5.3027263,13.957404
policy_reports,physical_ai,5.8962283,15.9601345
policy_reports,physical_ai,5.362255,14.066574
policy_reports,physical_ai,5.4870334,14.652739
policy_reports,physical_ai,6.4396524,16.034363
policy_reports,physical_ai,4.7094936,15.555172
policy_reports,physical_ai,5.292046,15.081139
policy_reports,physical_ai,9.486091,12.998176
policy_reports,physical_ai,0.852724,12.934324
policy_reports,physical_ai,4.0724688,14.404141
policy_reports,physical_ai,5.634853,15.166297
policy_reports,physical_ai,7.6834354,14.624585
policy_reports,physical_ai,4.850562,13.787359
policy_reports,physical_ai,4.968451,15.28616
policy_reports,physical_ai,10.444747,15.297281
policy_reports,physical_ai,1.326352,13.359318
policy_reports,physical_ai,8.888053,14.720138
policy_reports,physical_ai,0.9372478,13.046976
policy_reports,physical_ai,5.2927365,13.980407
policy_reports,physical_ai,0.907483,13.049669
policy_reports,physical_ai,6.4036393,15.632842
policy_reports,physical_ai,2.0276768,12.750857
policy_reports,physical_ai,6.067512,15.0405035
policy_reports,physical_ai,5.654355,14.696066
policy_reports,physical_ai,4.961228,15.388054
policy_reports,physical_ai,5.4554863,15.303988
policy_reports,physical_ai,5.516422,14.736904
policy_reports,physical_ai,5.531637,13.776239
policy_reports,physical_ai,4.8487077,13.801196
policy_reports,physical_ai,5.957059,14.843601
policy_reports,physical_ai,5.7166114,13.78504
policy_reports,physical_ai,6.21347,15.385636
policy_reports,physical_ai,6.0046086,14.063897
policy_reports,physical_ai,5.811568,15.158813
policy_reports,physical_ai,5.3662033,14.378688
policy_reports,physical_ai,5.4113693,14.844943
policy_reports,physical_ai,9.1291685,14.981551
policy_reports,physical_ai,4.8898005,15.349972
policy_reports,physical_ai,5.6347547,13.796319
policy_reports,physical_ai,5.2931895,15.153228
policy_reports,physical_ai,4.4223843,14.647549
policy_reports,physical_ai,5.745045,15.62418
policy_reports,physical_ai,4.7496405,14.207926
policy_reports,physical_ai,6.271676,16.288155
policy_reports,physical_ai,6.4171724,14.440857
policy_reports,physical_ai,4.8453326,15.265708
policy_reports,physical_ai,6.2948933,15.187642
policy_reports,physical_ai,5.4629188,15.403676
policy_reports,physical_ai,7.133197,15.313396
policy_reports,physical_ai_risks,7.4457707,14.753371
policy_reports,physical_ai_risks,6.049251,15.427847
policy_reports,physical_ai_risks,1.9812226,12.761759
policy_reports,physical_ai_risks,5.4106483,14.110504
policy_reports,physical_ai_risks,0.9063253,13.114128
policy_reports,physical_ai_risks,5.364652,14.876233
policy_reports,physical_ai_risks,5.2304654,14.895992
policy_reports,physical_ai_risks,2.0156493,12.771603
policy_reports,physical_ai_risks,5.163585,14.849145
policy_reports,physical_ai_risks,6.224909,14.773185
policy_reports,physical_ai_risks,6.882442,15.809723
policy_reports,physical_ai_risks,5.7138767,15.561533
policy_reports,physical_ai_risks,1.345282,13.363441
policy_reports,physical_ai_risks,5.868216,13.992239
policy_reports,physical_ai_risks,0.9900168,13.057594
policy_reports,physical_ai_risks,9.795492,14.706376
policy_reports,physical_ai_risks,5.3357215,14.843896
policy_reports,physical_ai_risks,5.4191995,14.214361
policy_reports,physical_ai_risks,7.4543505,14.434265
policy_reports,physical_ai_risks,6.7445526,14.796678
policy_reports,physical_ai_risks,6.25381,15.011205
policy_reports,physical_ai_risks,6.2767587,14.665105
policy_reports,physical_ai_risks,7.460228,14.392105
policy_reports,physical_ai_risks,11.142026,14.676671
policy_reports,physical_ai_risks,5.2537427,14.859783
policy_reports,physical_ai_risks,5.4991817,15.864539
policy_reports,physical_ai_risks,0.9252371,13.093913
policy_reports,physical_ai_risks,0.97118914,13.01592
policy_reports,physical_ai_risks,6.3412695,14.593775
policy_reports,physical_ai_risks,5.1131563,14.788365
policy_reports,physical_ai_risks,0.931312,13.0832405
policy_reports,physical_ai_risks,6.9540076,15.713641
policy_reports,physical_ai_risks,5.3078594,14.735168
policy_reports,physical_ai_risks,6.561663,15.167877
policy_reports,physical_ai_risks,5.773356,15.990312
policy_reports,physical_ai_risks,2.0430453,12.766162
policy_reports,physical_ai_risks,2.023996,12.77092
policy_reports,physical_ai_risks,5.7607865,13.684219
policy_reports,physical_ai_risks,5.5492444,13.811301
policy_reports,physical_ai_risks,6.282593,14.637708
policy_reports,physical_ai_risks,0.8569222,12.903212
policy_reports,physical_ai_risks,7.056013,14.278007
policy_reports,physical_ai_risks,5.6891036,13.978978
policy_reports,physical_ai_risks,5.3390665,14.44649
policy_reports,physical_ai_risks,5.2584906,15.456488
policy_reports,physical_ai_risks,10.674756,15.117067
policy_reports,physical_ai_risks,5.8571644,14.8464
policy_reports,physical_ai_risks,6.0331516,15.62334
policy_reports,physical_ai_risks,5.3785715,13.834073
policy_reports,physical_ai_risks,5.7437606,13.67015
policy_reports,physical_ai_risks,7.294699,15.571315
policy_reports,physical_ai_risks,5.7369995,14.844957
policy_reports,physical_ai_risks,10.272955,15.27132
policy_reports,physical_ai_risks,5.9161954,15.452633
policy_reports,physical_ai_risks,2.008429,12.763477
policy_reports,physical_ai_risks,7.6305723,15.621385
policy_reports,physical_ai_risks,0.9170753,13.090924
policy_reports,physical_ai_risks,5.9103737,15.603916
policy_reports,physical_ai_risks,1.0397649,13.093814
policy_reports,physical_ai_risks,7.582086,14.671579
policy_reports,physical_ai_risks,8.9410515,15.090759
policy_reports,physical_ai_risks,6.323351,14.562528
policy_reports,physical_ai_risks,6.7477818,15.481228
policy_reports,physical_ai_risks,5.640184,15.510032
policy_reports,physical_ai_risks,0.9307798,13.071701
policy_reports,physical_ai_risks,6.0517015,15.39386
policy_reports,physical_ai_risks,1.2049253,13.285965
policy_reports,physical_ai_risks,5.8058076,14.468966
policy_reports,physical_ai_risks,0.8046372,12.897218
policy_reports,physical_ai_risks,5.6599135,14.675514
policy_reports,physical_ai_risks,5.8183546,14.545431
policy_reports,physical_ai_risks,6.0957484,15.687732
policy_reports,physical_ai_risks,5.27887,14.867496
policy_reports,physical_ai_risks,5.9615912,15.901277
policy_reports,physical_ai_risks,5.7801275,13.778564
policy_reports,physical_ai_risks,0.89411217,13.110786
policy_reports,physical_ai_risks,6.320079,14.580142
policy_reports,physical_ai_risks,0.86007047,12.999121
policy_reports,physical_ai_risks,7.1316,15.702169
policy_reports,physical_ai_risks,5.9885445,15.885668
policy_reports,physical_ai_risks,5.333206,15.969835
policy_reports,physical_ai_risks,1.3267822,13.374526
policy_reports,physical_ai_risks,10.463568,15.310503
policy_reports,physical_ai_risks,6.965162,14.922444
policy_reports,physical_ai_risks,7.6085606,14.658567
policy_reports,physical_ai_risks,6.086717,15.749516
policy_reports,physical_ai_risks,6.2076254,15.845591
policy_reports,physical_ai_risks,5.1993914,14.760159
policy_reports,physical_ai_risks,10.413943,15.248602
policy_reports,physical_ai_risks,7.3427896,15.664799
policy_reports,physical_ai_risks,7.1101933,15.408309
policy_reports,physical_ai_risks,5.921042,14.83254
policy_reports,physical_ai_risks,5.722037,13.675265
policy_reports,physical_ai_risks,6.2855425,15.626065
policy_reports,physical_ai_risks,5.587711,14.952647
policy_reports,physical_ai_risks,5.570729,14.06217
policy_reports,physical_ai_risks,5.7001896,14.467781
policy_reports,physical_ai_risks,6.197879,15.61506
policy_reports,physical_ai_risks,7.3334584,14.664909
policy_reports,physical_ai_risks,6.162919,14.23677
policy_reports,physical_ai_risks,6.2707934,14.659591
policy_reports,physical_ai_risks,2.010358,12.728992
policy_reports,physical_ai_risks,6.0665474,14.8864155
policy_reports,physical_ai_risks,7.949042,14.27162
policy_reports,physical_ai_risks,7.19657,14.357844
policy_reports,physical_ai_risks,5.821652,14.638513
policy_reports,physical_ai_risks,7.36714,14.435362
policy_reports,physical_ai_risks,0.8521291,12.957138
policy_reports,physical_ai_risks,10.239505,15.290935
policy_reports,physical_ai_risks,0.8891234,12.994139
policy_reports,physical_ai_risks,6.487381,14.256402
policy_reports,physical_ai_risks,8.864088,14.553064
policy_reports,physical_ai_risks,0.8045466,12.905178
policy_reports,physical_ai_risks,5.3107295,14.798684
policy_reports,physical_ai_risks,5.4101105,15.290123
policy_reports,physical_ai_risks,5.9868536,15.245894
policy_reports,physical_ai_risks,6.7376738,14.822962
policy_reports,physical_ai_risks,6.959013,15.7089
policy_reports,physical_ai_risks,5.842593,15.340114
policy_reports,physical_ai_risks,0.960443,13.093093
policy_reports,physical_ai_risks,6.989145,14.688912
policy_reports,physical_ai_risks,5.809449,13.604264
policy_reports,physical_ai_risks,0.9596292,13.010386
policy_reports,physical_ai_risks,1.0760053,13.101787
policy_reports,physical_ai_risks,2.0431323,12.792402
policy_reports,physical_ai_risks,0.8180746,12.904675
policy_reports,physical_ai_risks,5.71271,13.967727
policy_reports,physical_ai_risks,6.243583,14.771846
policy_reports,physical_ai_risks,5.505951,15.045426
policy_reports,physical_ai_risks,5.7723775,14.613156
policy_reports,physical_ai_risks,5.4676867,15.346182
policy_reports,physical_ai_risks,2.023292,12.761495
policy_reports,physical_ai_risks,10.418578,14.900706
policy_reports,physical_ai_risks,0.7664111,12.865992
policy_reports,physical_ai_risks,5.21086,14.766562
policy_reports,physical_ai_risks,5.642296,13.96905
policy_reports,physical_ai_risks,5.4216237,13.759952
policy_reports,physical_ai_risks,6.1411486,15.364392
policy_reports,physical_ai_risks,5.756853,14.656073
policy_reports,physical_ai_risks,0.79770696,12.899898
policy_reports,physical_ai_risks,5.832666,13.666951
policy_reports,physical_ai_risks,6.279945,16.281824
policy_reports,physical_ai_risks,6.3220344,14.479929
policy_reports,physical_ai_risks,0.8764507,13.132396
policy_reports,physical_ai_risks,1.025025,13.181234
policy_reports,physical_ai_risks,5.783032,13.641449
policy_reports,physical_ai_risks,7.021435,14.807798
policy_reports,physical_ai_risks,7.315874,14.562348
policy_reports,physical_ai_risks,9.062347,14.9104805
policy_reports,physical_ai_risks,5.6472836,14.668516
policy_reports,physical_ai_risks,5.94886,14.526486
policy_reports,physical_ai_risks,6.457709,14.376061
policy_reports,physical_ai_risks,9.365106,15.065568
policy_reports,physical_ai_risks,5.73315,15.058582
policy_reports,physical_ai_risks,5.632825,14.071528
policy_reports,physical_ai_risks,6.9745173,15.253013
policy_reports,physical_ai_risks,0.7723197,12.921977
policy_reports,physical_ai_risks,6.236714,14.590579
policy_reports,physical_ai_risks,5.7847815,14.454744
policy_reports,physical_ai_risks,5.244105,14.625415
patents,ai,9.64831,12.936702
patents,ai,10.299229,13.523816
patents,ai,9.803439,12.940347
patents,ai,9.974189,12.345359
patents,ai,11.632489,11.371938
patents,ai,10.256596,13.045663
patents,ai,10.081341,12.832276
patents,ai,9.630005,12.159972
patents,ai,10.817599,13.409795
patents,ai,10.121505,13.150225
patents,ai,11.247419,9.973582
patents,ai,9.87276,12.954712
patents,ai,9.815623,12.95093
patents,ai,10.5911255,13.415729
patents,ai,11.662662,11.174517
patents,ai,10.1646185,13.6382675
patents,ai,11.1274605,13.133437
patents,ai,10.18048,13.176157
patents,ai,10.162529,13.7499075
patents,ai,11.781815,11.272586
patents,ai,9.801473,12.404383
patents,ai,10.178777,12.60967
patents,ai,9.3773155,13.535508
patents,ai,10.866824,10.079497
patents,ai,10.991745,14.285234
patents,ai,11.151288,13.971236
patents,ai,11.064045,10.174892
patents,ai,9.818852,12.631735
patents,ai,10.486131,12.437756
patents,ai,9.673578,12.843638
patents,ai,9.591863,12.793941
patents,ai,10.491785,13.2913065
patents,ai,9.452226,12.752196
patents,ai,12.02521,12.258592
patents,ai,9.279233,12.961762
patents,ai,9.068526,13.915066
patents,ai,10.103877,12.885777
patents,ai,9.665579,13.247362
patents,ai,10.026589,12.863804
patents,ai,11.636162,10.216254
patents,ai,11.09006,13.683607
patents,ai,12.20094,12.240972
patents,ai,11.659593,11.25558
patents,ai,9.903836,12.319297
patents,ai,10.4006405,13.971195
patents,ai,9.315261,12.714169
patents,ai,10.074632,13.88114
patents,ai,8.384651,13.0299635
patents,ai,10.463715,12.766106
patents,ai,10.912902,12.789992
patents,ai,9.099714,12.784986
patents,ai,8.894117,14.401623
patents,ai,9.740328,12.913811
patents,ai,8.909456,12.893195
patents,ai,9.85093,13.10282
patents,ai,10.161519,12.470645
patents,ai,10.799451,13.730477
patents,ai,9.375519,13.104604
patents,ai,12.199432,12.209491
patents,ai,11.614315,11.097423
patents,ai,10.249935,12.646942
patents,ai,9.871739,12.929036
patents,ai,11.408399,11.754802
patents,ai,11.124016,13.558967
patents,ai,10.011615,12.758298
patents,ai,11.762867,11.174282
patents,ai,11.490616,10.965162
patents,ai,11.509021,12.710288
patents,ai,11.214873,12.701963
patents,ai,11.080654,12.83472
patents,ai,9.540716,12.863022
patents,ai,10.761976,11.55139
patents,ai,8.494555,13.199644
patents,ai,10.760818,14.400935
patents,ai,10.313559,12.887004
patents,ai,9.853314,12.100458
patents,ai,11.062958,10.933289
patents,ai,9.905146,11.804296
patents,ai,9.890041,12.243484
patents,ai,9.807608,12.75133
patents,ai,10.571197,13.689195
patents,ai,9.925559,12.320766
patents,ai,10.325445,12.993399
patents,ai,10.265238,12.050616
patents,ai,11.580162,11.374029
patents,ai,10.689381,13.324317
patents,ai,10.0644045,13.253703
patents,ai,11.801319,11.231466
patents,ai,12.170418,12.145631
patents,ai,9.989987,12.48728
patents,ai,9.962232,12.876553
patents,ai,10.004417,12.71911
patents,ai,5.869134,14.346149
patents,ai,10.369346,12.482979
patents,ai,9.672237,12.848705
patents,ai,11.668679,10.50518
patents,ai,10.321351,13.626566
patents,ai,10.504817,13.990138
patents,ai,9.558884,12.350777
patents,ai,9.509705,13.034138
patents,ai,11.775065,11.1712675
patents,ai,11.69586,11.055434
patents,ai,10.444756,12.813845
patents,ai,9.886589,12.700573
patents,ai,9.77196,12.906565
patents,ai,11.075632,10.869252
patents,ai,9.86033,12.858404
patents,ai,10.203038,12.493752
patents,ai,9.822576,13.132732
patents,ai,10.581119,13.213765
patents,ai,12.209878,12.220465
patents,ai,9.650477,12.77224
patents,ai,10.56254,12.846942
patents,ai,10.082631,13.749239
patents,ai,11.542185,11.458768
patents,ai,10.868593,13.555437
patents,ai,10.724013,13.569154
patents,ai,10.035955,12.934031
patents,ai,9.5599785,12.842164
patents,ai,10.972277,12.347611
patents,ai,9.40544,12.716159
patents,ai,9.85152,12.833523
patents,ai,11.609989,11.006243
patents,ai,10.424698,12.965438
patents,ai,9.602353,12.304329
patents,ai,8.741663,13.049619
patents,ai,9.385962,12.706774
patents,ai,9.943881,12.396341
patents,ai,9.78943,12.54214
patents,ai,10.977778,12.307245
patents,ai,9.865844,12.23618
patents,ai,11.779946,11.245585
patents,ai,11.386513,13.969263
patents,ai,12.194156,12.218172
patents,ai,12.217311,12.169973
patents,ai,9.393688,13.097377
patents,ai,11.069671,9.6964035
patents,ai,10.578387,12.902571
patents,ai,10.685946,13.82613
patents,ai,10.45753,12.934827
patents,ai,9.548796,13.027882
patents,ai,10.175906,13.17269
patents,ai,10.434555,12.858908
patents,ai,11.188378,9.932114
patents,ai,9.489025,12.92546
patents,ai,9.653849,13.206489
patents,ai,11.7500305,10.75836
patents,ai,11.703502,10.608189
patents,ai,10.784494,13.795515
patents,ai,10.88799,12.587061
patents,ai,9.899693,12.394352
patents,ai,11.595399,12.74113
patents,ai,9.648058,12.42399
patents,ai,11.648018,10.88044
patents,ai,12.083756,12.354544
patents,ai,8.965979,14.139386
patents,ai,9.230927,12.738476
patents,ai,9.081816,13.892328
patents,ai,11.716068,11.272799
patents,ai,9.219617,12.932534
patents,ai_infra,11.138049,9.438361
patents,ai_infra,11.335566,10.012461
patents,ai_infra,11.061754,9.523042
patents,ai_infra,10.9658165,9.808292
patents,ai_infra,11.429491,10.409976
patents,ai_infra,11.335824,9.672943
patents,ai_infra,11.15434,9.442941
patents,ai_infra,10.905093,9.626502
patents,ai_infra,10.472426,10.358205
patents,ai_infra,11.079371,9.469589
patents,ai_infra,11.2659,9.321024
patents,ai_infra,11.225667,9.340972
patents,ai_infra,10.859311,9.689548
patents,ai_infra,10.369543,10.488995
patents,ai_infra,10.216743,11.372381
patents,ai_infra,11.0685005,9.409764
patents,ai_infra,11.34009,9.49198
patents,ai_infra,11.072003,9.879397
patents,ai_infra,10.432163,10.170736
patents,ai_infra,10.612788,10.202152
patents,ai_infra,10.927627,9.680328
patents,ai_infra,10.352571,9.5432005
patents,ai_infra,11.387831,9.540661
patents,ai_infra,11.306662,9.371969
patents,ai_infra,10.93716,10.683079
patents,ai_infra,11.053088,9.558112
patents,ai_infra,11.209642,9.351865
patents,ai_infra,9.9904375,11.82397
patents,ai_infra,10.522285,10.297787
patents,ai_infra,10.528921,9.761282
patents,ai_infra,10.736704,9.606468
patents,ai_infra,10.170359,11.397916
patents,ai_infra,11.226141,9.401792
patents,ai_infra,10.64817,9.744804
patents,ai_infra,10.985948,9.473723
patents,ai_infra,10.447136,10.259551
patents,ai_infra,10.19775,11.990043
patents,ai_infra,11.528384,9.687954
patents,ai_infra,11.1506605,9.388329
patents,ai_infra,10.331845,9.664583
patents,ai_infra,10.444182,9.575425
patents,ai_infra,10.712189,9.885907
patents,ai_infra,11.039553,9.424589
patents,ai_infra,10.701511,9.845352
patents,ai_infra,10.796357,9.6330595
patents,ai_infra,10.0428915,11.702536
patents,ai_infra,10.641254,9.900982
patents,ai_infra,11.001354,9.497366
patents,ai_infra,10.4926605,10.383303
patents,ai_infra,10.949049,9.47338
patents,ai_infra,10.290632,9.574795
patents,ai_infra,10.883327,9.7621355
patents,ai_infra,10.99602,9.922517
patents,ai_infra,10.282098,9.664303
patents,ai_infra,10.551013,10.017644
patents,ai_infra,9.920739,11.808597
patents,ai_infra,10.13844,11.413882
patents,ai_infra,11.311825,9.256603
patents,ai_infra,11.221109,9.251376
patents,ai_infra,11.496186,9.914139
patents,ai_infra,9.31909,12.639802
patents,ai_infra,11.342036,9.3595705
patents,ai_infra,10.413937,10.450121
patents,ai_infra,10.696095,9.825665
patents,ai_infra,11.204806,9.831449
patents,ai_infra,10.274017,9.558504
patents,ai_infra,10.927165,9.558501
patents,ai_infra,10.196413,11.704996
patents,ai_infra,10.3524,9.712316
patents,ai_infra,11.096218,9.434386
patents,ai_infra,10.313649,9.494082
patents,ai_infra,10.533263,9.687803
patents,ai_infra,11.262458,9.638546
patents,ai_infra,11.438065,9.766353
patents,ai_infra,10.537796,9.7453985
patents,ai_infra,10.23212,9.863474
patents,ai_infra,11.10223,9.4547825
patents,ai_infra,10.824597,9.593582
patents,ai_infra,10.453385,9.7335415
patents,ai_infra,10.418494,9.61751
patents,ai_infra,10.693221,9.866828
patents,ai_infra,11.142344,9.535493
patents,ai_infra,10.383037,9.632193
patents,ai_infra,11.351608,9.495025
patents,ai_infra,10.350317,9.636521
patents,ai_infra,10.246045,11.397958
patents,ai_infra,10.70741,9.903485
patents,ai_infra,10.529354,10.401741
patents,ai_infra,10.662864,9.70025
patents,ai_infra,11.11547,9.39206
patents,ai_infra,10.168278,11.734215
patents,ai_infra,11.216235,9.261556
patents,ai_infra,10.8520155,9.774004
patents,ai_infra,10.338673,11.911468
patents,ai_infra,10.077196,11.752963
patents,ai_infra,11.205965,9.711634
patents,ai_infra,11.342005,9.4021
patents,ai_infra,10.253236,11.394119
patents,ai_infra,11.50677,9.641216
patents,ai_infra,10.518951,9.769054
patents,ai_infra,11.195954,9.326317
patents,ai_infra,10.838693,9.78727
patents,ai_infra,10.496229,10.050595
patents,ai_infra,10.897653,9.774343
patents,ai_infra,11.320545,9.349419
patents,ai_infra,10.27763,11.615994
patents,ai_infra,10.635468,10.006574
patents,ai_infra,10.417636,9.9310665
patents,ai_infra,11.250823,9.393724
patents,ai_infra,11.277764,9.750383
patents,ai_infra,10.19957,12.238513
patents,ai_infra,10.3338585,9.673983
patents,ai_infra,10.687561,9.641174
patents,ai_infra,11.254907,9.5023155
patents,ai_infra,10.258767,9.674231
patents,ai_infra,10.448267,10.128617
patents,ai_infra,10.744973,9.585373
patents,ai_infra,10.755686,9.828763
patents,ai_infra,10.397572,9.65695
patents,ai_infra,10.840021,9.62197
patents,ai_infra,10.49833,10.51562
patents,ai_infra,10.5605135,10.070324
patents,ai_infra,10.405074,10.279579
patents,ai_infra,10.2949505,11.575822
patents,ai_infra,10.499053,10.383582
patents,ai_infra,10.8405285,9.690313
patents,ai_infra,10.440451,9.651267
patents,ai_infra,10.758146,9.6496935
patents,ai_infra,11.237376,9.308005
patents,ai_infra,11.094823,9.2855215
patents,ai_infra,11.264883,9.337236
patents,ai_infra,11.0245075,9.51807
patents,ai_infra,11.197134,9.298894
patents,ai_infra,10.3759365,9.500918
patents,ai_infra,11.215601,9.426224
patents,ai_infra,11.303838,9.334198
patents,ai_infra,11.004909,9.7527895
patents,ai_infra,11.197292,9.385412
patents,ai_infra,10.324564,9.513235
patents,ai_infra,11.269762,9.418493
patents,ai_infra,10.794852,9.697266
patents,ai_infra,11.258065,9.371373
patents,ai_infra,11.055523,9.5758705
patents,ai_infra,10.085018,11.921382
patents,ai_infra,10.289386,9.536627
patents,ai_infra,11.388627,9.450998
patents,ai_infra,10.2272215,13.668407
patents,ai_infra,10.135399,11.512473
patents,ai_infra,11.293877,9.294775
patents,ai_infra,10.478862,12.691536
patents,ai_infra,11.366029,9.382769
patents,ai_infra,11.147879,9.4762535
patents,ai_infra,10.689851,9.829774
patents,ai_infra,10.224958,9.452338
patents,ai_infra,11.3231535,14.177327
patents,ai_infra,10.919393,9.597458
patents,ai_infra,10.395529,9.649236
patents,ai_infra,10.483086,10.160169
patents,ai_infra,11.338473,9.382605
patents,ai_infra,11.235388,9.262695
patents,physical_ai,11.006046,12.575395
patents,physical_ai,11.241619,14.409174
patents,physical_ai,11.729319,11.662238
patents,physical_ai,11.211494,14.046279
patents,physical_ai,9.655344,12.427013
patents,physical_ai,11.660392,11.052378
patents,physical_ai,11.212805,13.964286
patents,physical_ai,10.378593,13.996383
patents,physical_ai,11.06306,14.268978
patents,physical_ai,10.822308,13.7096
patents,physical_ai,11.754595,11.104363
patents,physical_ai,10.963542,13.508392
patents,physical_ai,10.808685,13.007796
patents,physical_ai,12.137578,12.140464
patents,physical_ai,11.255962,13.149706
patents,physical_ai,10.12143,13.618954
patents,physical_ai,10.131594,14.672198
patents,physical_ai,10.981175,13.7921095
patents,physical_ai,11.801101,11.197182
patents,physical_ai,11.2028265,13.647772
patents,physical_ai,10.808205,13.492325
patents,physical_ai,11.158352,10.07399
patents,physical_ai,10.148229,12.222946
patents,physical_ai,11.634983,11.369669
patents,physical_ai,11.660073,12.724546
patents,physical_ai,11.740361,11.181084
patents,physical_ai,10.639506,13.330531
patents,physical_ai,12.193678,12.219633
patents,physical_ai,11.592778,11.348801
patents,physical_ai,11.718326,10.661291
patents,physical_ai,11.713244,10.562833
patents,physical_ai,9.774589,13.208718
patents,physical_ai,10.7585535,14.146854
patents,physical_ai,12.19218,12.207709
patents,physical_ai,10.3821,14.342217
patents,physical_ai,11.679814,10.626205
patents,physical_ai,12.177466,12.209325
patents,physical_ai,11.278969,13.854234
patents,physical_ai,11.272233,13.973496
patents,physical_ai,10.4881315,14.379997
patents,physical_ai,11.22795,14.007907
patents,physical_ai,10.508548,13.3459
patents,physical_ai,11.716897,10.674065
patents,physical_ai,10.912112,13.400081
patents,physical_ai,11.62946,11.332342
patents,physical_ai,5.223283,13.811416
patents,physical_ai,11.115177,13.632715
patents,physical_ai,11.633568,11.353279
patents,physical_ai,10.349888,13.021366
patents,physical_ai,11.6845665,10.57897
patents,physical_ai,10.459068,13.898637
patents,physical_ai,11.395256,12.895783
patents,physical_ai,11.045385,13.541726
patents,physical_ai,11.18878,9.769475
patents,physical_ai,10.803383,13.487248
patents,physical_ai,10.659047,12.791211
patents,physical_ai,9.601333,12.095028
patents,physical_ai,11.013667,10.832285
patents,physical_ai,9.483803,12.688911
patents,physical_ai,10.2119665,13.54593
patents,physical_ai,11.014266,12.355813
patents,physical_ai,10.419662,13.599354
patents,physical_ai,10.78984,13.925941
patents,physical_ai,9.74506,12.901755
patents,physical_ai,6.581958,14.234653
patents,physical_ai,10.647333,13.904691
patents,physical_ai,11.527373,11.484409
patents,physical_ai,11.294983,14.258638
patents,physical_ai,11.757349,11.305209
patents,physical_ai,11.5066,10.701531
patents,physical_ai,11.194289,14.527696
patents,physical_ai,11.673037,12.711991
patents,physical_ai,11.034688,13.9482355
patents,physical_ai,11.592111,11.139555
patents,physical_ai,10.727144,10.896528
patents,physical_ai,11.7098255,11.267015
patents,physical_ai,10.516588,13.703507
patents,physical_ai,10.902274,13.279526
patents,physical_ai,9.721426,14.208624
patents,physical_ai,11.714887,11.119615
patents,physical_ai,12.138841,12.168106
patents,physical_ai,11.095998,11.820556
patents,physical_ai,9.679503,12.614381
patents,physical_ai,10.91144,14.497238
patents,physical_ai,10.321699,13.409843
patents,physical_ai,10.965992,13.957887
patents,physical_ai,11.599189,11.340722
patents,physical_ai,10.673178,11.213587
patents,physical_ai,11.809015,11.284345
patents,physical_ai,10.790157,13.009854
patents,physical_ai,11.316166,11.948482
patents,physical_ai,11.0991535,14.078503
patents,physical_ai,10.449546,14.333046
patents,physical_ai,12.2408,12.22347
patents,physical_ai,7.0343943,14.731034
patents,physical_ai,11.506336,11.430523
patents,physical_ai,11.273488,14.213991
patents,physical_ai,9.857959,14.409684
patents,physical_ai,9.84541,13.091862
patents,physical_ai,11.74167,10.781533
patents,physical_ai,12.154148,12.128125
patents,physical_ai,11.504337,11.449996
patents,physical_ai,10.30359,14.389043
patents,physical_ai,11.627962,10.752533
patents,physical_ai,11.553146,12.878052
patents,physical_ai,11.601157,11.48173
patents,physical_ai,9.18937,12.220596
patents,physical_ai,10.692035,13.107606
patents,physical_ai,11.680484,10.970311
patents,physical_ai,11.920956,12.261659
patents,physical_ai,11.665671,11.220268
patents,physical_ai,9.968412,12.85122
patents,physical_ai,11.218229,13.948843
patents,physical_ai,11.699788,11.177665
patents,physical_ai,12.10887,12.29081
patents,physical_ai,10.148786,12.350784
patents,physical_ai,11.721296,11.1587
patents,physical_ai,11.419019,14.249645
patents,physical_ai,10.099796,12.00028
patents,physical_ai,11.755484,10.703425
patents,physical_ai,10.92518,13.4550905
patents,physical_ai,9.574456,13.242981
patents,physical_ai,10.874375,13.141407
patents,physical_ai,10.036557,12.40856
patents,physical_ai,11.15435,14.12361
patents,physical_ai,11.028727,12.438849
patents,physical_ai,10.878984,13.919682
patents,physical_ai,11.030899,12.3144655
patents,physical_ai,10.121297,13.177681
patents,physical_ai,10.816242,13.054755
patents,physical_ai,11.689241,10.550541
patents,physical_ai,12.213375,12.197388
patents,physical_ai,5.790199,13.457945
patents,physical_ai,10.507407,13.996114
patents,physical_ai,11.047275,12.499749
patents,physical_ai,9.707708,12.428592
patents,physical_ai,10.990026,13.861015
patents,physical_ai,10.033617,14.28948
patents,physical_ai,11.270065,13.9750185
patents,physical_ai,11.266452,11.944096
patents,physical_ai,9.7054825,12.478337
patents,physical_ai,10.601507,13.470744
patents,physical_ai,10.8476715,13.429814
patents,physical_ai,11.038564,12.2830925
patents,physical_ai,11.695834,10.598329
patents,physical_ai,11.726978,11.133347
patents,physical_ai,11.05241,13.299978
patents,physical_ai,11.281658,14.107307
patents,physical_ai,11.678903,10.508257
patents,physical_ai,11.304128,9.983438
patents,physical_ai,11.132041,13.952401
patents,physical_ai,11.763425,10.552407
patents,physical_ai,10.149516,12.794729
patents,physical_ai,11.897432,12.421408
patents,physical_ai,11.732065,11.126857
patents,physical_ai,11.085317,14.018113
patents,physical_ai,11.538833,11.495741
patents,physical_ai,10.379907,12.932863
patents,physical_ai,11.064413,14.118777
patents,physical_ai,11.765819,11.26188
patents,physical_ai_risks,9.2064085,12.564168
patents,physical_ai_risks,10.925743,13.863954
patents,physical_ai_risks,10.524968,14.391984
patents,physical_ai_risks,10.910408,14.136134
patents,physical_ai_risks,10.722481,14.214023
patents,physical_ai_risks,10.06495,12.8321905
patents,physical_ai_risks,10.470029,14.338778
patents,physical_ai_risks,10.271287,12.918296
patents,physical_ai_risks,11.244225,14.409565
patents,physical_ai_risks,10.577811,14.2744255
patents,physical_ai_risks,10.5671015,14.079361
patents,physical_ai_risks,10.255468,14.410048
patents,physical_ai_risks,11.877152,11.705421
patents,physical_ai_risks,10.3852825,14.330638
patents,physical_ai_risks,9.740958,13.2596445
patents,physical_ai_risks,11.016663,14.742846
patents,physical_ai_risks,11.148214,14.662554
patents,physical_ai_risks,10.023186,14.171546
patents,physical_ai_risks,10.398438,14.3983
patents,physical_ai_risks,10.203278,14.106772
patents,physical_ai_risks,9.812723,12.464281
patents,physical_ai_risks,11.27393,10.023871
patents,physical_ai_risks,10.899023,14.048224
patents,physical_ai_risks,10.63778,14.266167
patents,physical_ai_risks,10.712437,14.5154705
patents,physical_ai_risks,10.282866,12.568302
patents,physical_ai_risks,11.134973,14.208561
patents,physical_ai_risks,9.586174,13.24899
patents,physical_ai_risks,9.578335,12.384977
patents,physical_ai_risks,10.2846,12.327184
patents,physical_ai_risks,10.614493,14.512773
patents,physical_ai_risks,10.375578,12.718364
patents,physical_ai_risks,10.747468,13.991309
patents,physical_ai_risks,11.577652,12.816322
patents,physical_ai_risks,10.526367,14.066988
patents,physical_ai_risks,10.339327,14.113136
patents,physical_ai_risks,10.440609,14.406205
patents,physical_ai_risks,11.232227,10.062283
patents,physical_ai_risks,10.97246,14.316567
patents,physical_ai_risks,11.278674,14.329149
patents,physical_ai_risks,10.57167,14.440959
patents,physical_ai_risks,10.184633,12.074346
patents,physical_ai_risks,10.554324,14.382129
patents,physical_ai_risks,11.081886,14.599954
patents,physical_ai_risks,10.8102,13.498159
patents,physical_ai_risks,10.973145,14.251803
patents,physical_ai_risks,10.122165,14.240351
patents,physical_ai_risks,10.928916,13.784199
patents,physical_ai_risks,9.209818,12.94295
patents,physical_ai_risks,10.766409,14.336773
patents,physical_ai_risks,9.8537445,12.952405
patents,physical_ai_risks,9.029352,14.643966
patents,physical_ai_risks,11.147343,13.65609
patents,physical_ai_risks,10.5127125,14.130752
patents,physical_ai_risks,10.515823,14.540701
patents,physical_ai_risks,10.76353,13.847914
patents,physical_ai_risks,11.3136015,14.136207
patents,physical_ai_risks,11.168473,14.635004
patents,physical_ai_risks,10.824798,14.126338
patents,physical_ai_risks,10.233881,14.162437
patents,physical_ai_risks,10.48674,14.1739235
patents,physical_ai_risks,10.669357,13.038192
patents,physical_ai_risks,10.434642,14.286167
patents,physical_ai_risks,10.585606,13.855217
patents,physical_ai_risks,10.563477,13.425855
patents,physical_ai_risks,10.535477,14.334895
patents,physical_ai_risks,10.454665,14.550946
patents,physical_ai_risks,10.972299,13.4533825
patents,physical_ai_risks,10.89472,13.592227
patents,physical_ai_risks,10.599585,14.263271
patents,physical_ai_risks,10.595278,14.367941
patents,physical_ai_risks,10.613902,14.292386
patents,physical_ai_risks,11.307355,14.064014
patents,physical_ai_risks,10.8033695,14.618159
patents,physical_ai_risks,9.841702,12.266441
patents,physical_ai_risks,11.033692,14.17592
patents,physical_ai_risks,10.254182,13.532564
patents,physical_ai_risks,10.839919,14.553777
patents,physical_ai_risks,11.128396,14.132206
patents,physical_ai_risks,11.265866,14.147402
patents,physical_ai_risks,10.867914,14.347906
patents,physical_ai_risks,11.319891,14.351973
patents,physical_ai_risks,12.200613,12.222007
patents,physical_ai_risks,11.272691,14.010021
patents,physical_ai_risks,10.457319,12.029916
patents,physical_ai_risks,11.039931,13.771618
patents,physical_ai_risks,10.344779,12.911006
patents,physical_ai_risks,10.071924,14.295421
patents,physical_ai_risks,11.142975,13.182648
patents,physical_ai_risks,10.840987,13.92666
patents,physical_ai_risks,10.948173,14.090672
patents,physical_ai_risks,11.379545,13.89173
patents,physical_ai_risks,10.633498,13.568697
patents,physical_ai_risks,10.53633,13.446505
patents,physical_ai_risks,10.990082,13.995279
patents,physical_ai_risks,10.229115,13.845838
patents,physical_ai_risks,10.344545,14.254354
patents,physical_ai_risks,10.186256,14.624673
patents,physical_ai_risks,11.067406,13.136469
patents,physical_ai_risks,10.377401,12.798522
patents,physical_ai_risks,11.13724,14.510715
patents,physical_ai_risks,10.503185,14.472277
patents,physical_ai_risks,10.799339,14.29634
patents,physical_ai_risks,11.201603,9.908858
patents,physical_ai_risks,9.921916,14.708889
patents,physical_ai_risks,10.398797,14.428654
patents,physical_ai_risks,9.7647505,14.846497
patents,physical_ai_risks,11.391458,11.891945
patents,physical_ai_risks,11.523444,13.746272
patents,physical_ai_risks,10.310837,14.309955
patents,physical_ai_risks,9.9077835,14.581295
patents,physical_ai_risks,10.280011,11.547663
patents,physical_ai_risks,11.119329,14.103848
patents,physical_ai_risks,10.584188,14.146078
patents,physical_ai_risks,10.676649,14.259545
patents,physical_ai_risks,10.553293,14.397314
patents,physical_ai_risks,12.1898575,12.201936
patents,physical_ai_risks,11.218256,14.33121
patents,physical_ai_risks,11.289238,14.375476
patents,physical_ai_risks,10.295464,13.630435
patents,physical_ai_risks,9.631524,12.841776
patents,physical_ai_risks,10.644177,13.859408
patents,physical_ai_risks,11.093877,13.413957
patents,physical_ai_risks,10.439394,14.3555975
patents,physical_ai_risks,11.031221,14.28505
patents,physical_ai_risks,10.696881,14.333743
patents,physical_ai_risks,10.995201,14.038277
patents,physical_ai_risks,9.382473,12.775621
patents,physical_ai_risks,11.054531,14.544901
patents,physical_ai_risks,10.859672,13.884453
patents,physical_ai_risks,11.270796,14.074736
patents,physical_ai_risks,10.696261,14.479577
patents,physical_ai_risks,11.042447,14.6740465
patents,physical_ai_risks,11.060681,14.514171
patents,physical_ai_risks,10.484079,13.965699
patents,physical_ai_risks,11.115342,14.584094
patents,physical_ai_risks,10.242684,13.047849
patents,physical_ai_risks,10.63613,14.535128
patents,physical_ai_risks,10.33478,12.93574
patents,physical_ai_risks,11.188261,14.688108
patents,physical_ai_risks,10.306968,14.360441
patents,physical_ai_risks,9.398566,13.000167
patents,physical_ai_risks,10.6578,12.744125
patents,physical_ai_risks,12.237116,12.247856
patents,physical_ai_risks,11.213915,14.725343
patents,physical_ai_risks,10.775204,14.497315
patents,physical_ai_risks,10.572361,14.210072
patents,physical_ai_risks,11.067884,13.693199
patents,physical_ai_risks,11.410397,13.920005
patents,physical_ai_risks,10.606753,14.210699
patents,physical_ai_risks,11.19398,13.183993
patents,physical_ai_risks,10.7068,14.719049
patents,physical_ai_risks,10.63646,14.380188
patents,physical_ai_risks,10.371213,13.947282
patents,physical_ai_risks,11.070343,10.154109
patents,physical_ai_risks,11.103096,13.708948
patents,physical_ai_risks,10.868456,14.2257595
patents,physical_ai_risks,10.324765,14.276881
patents,physical_ai_risks,10.485571,14.047067
patents,physical_ai_risks,10.884286,14.384763
